from_id,to_id,from_time_ns,to_time_ns,delta_ns,delta_us,delta_ms,from_byte,to_byte
1,2,35084150.00,35095200.00,11050.00,11.050000,0.011050000,FF,FF
2,3,35095200.00,35106200.00,11000.00,11.000000,0.011000000,FF,01
3,4,35106200.00,35117250.00,11050.00,11.050000,0.011050000,01,04
4,5,35117250.00,35128250.00,11000.00,11.000000,0.011000000,04,02
5,6,35128250.00,35139300.00,11050.00,11.050000,0.011050000,02,38
6,7,35139300.00,35151300.00,12000.00,12.000000,0.012000000,38,11
7,8,35151300.00,35198400.00,47100.00,47.100000,0.047100000,11,AF
8,9,35198400.00,35254950.00,56550.00,56.550000,0.056550000,AF,FF
9,10,35254950.00,35267800.00,12850.00,12.850000,0.012850000,FF,FF
10,11,35267800.00,35280700.00,12900.00,12.900000,0.012900000,FF,01
11,12,35280700.00,35293550.00,12850.00,12.850000,0.012850000,01,13
12,13,35293550.00,35306400.00,12850.00,12.850000,0.012850000,13,00
13,14,35306400.00,35319250.00,12850.00,12.850000,0.012850000,00,1C
14,15,35319250.00,35332100.00,12850.00,12.850000,0.012850000,1C,0B
15,16,35332100.00,35344950.00,12850.00,12.850000,0.012850000,0B,00
16,17,35344950.00,35357800.00,12850.00,12.850000,0.012850000,00,00
17,18,35357800.00,35370700.00,12900.00,12.900000,0.012900000,00,80
18,19,35370700.00,35383550.00,12850.00,12.850000,0.012850000,80,04
19,20,35383550.00,35396400.00,12850.00,12.850000,0.012850000,04,2C
20,21,35396400.00,35409250.00,12850.00,12.850000,0.012850000,2C,00
21,22,35409250.00,35422100.00,12850.00,12.850000,0.012850000,00,00
22,23,35422100.00,35434950.00,12850.00,12.850000,0.012850000,00,00
23,24,35434950.00,35447850.00,12900.00,12.900000,0.012900000,00,00
24,25,35447850.00,35460700.00,12850.00,12.850000,0.012850000,00,22
25,26,35460700.00,35473550.00,12850.00,12.850000,0.012850000,22,0B
26,27,35473550.00,35486400.00,12850.00,12.850000,0.012850000,0B,00
27,28,35486400.00,35499250.00,12850.00,12.850000,0.012850000,00,00
28,29,35499250.00,35512100.00,12850.00,12.850000,0.012850000,00,00
29,30,35512100.00,35524950.00,12850.00,12.850000,0.012850000,00,00
30,31,35524950.00,35537850.00,12900.00,12.900000,0.012900000,00,E7
31,32,35537850.00,84627750.00,49089900.00,49089.900000,49.089900000,E7,FF
32,33,84627750.00,84638750.00,11000.00,11.000000,0.011000000,FF,FF
33,34,84638750.00,84649750.00,11000.00,11.000000,0.011000000,FF,01
34,35,84649750.00,84660800.00,11050.00,11.050000,0.011050000,01,04
35,36,84660800.00,84671800.00,11000.00,11.000000,0.011000000,04,02
36,37,84671800.00,84682800.00,11000.00,11.000000,0.011000000,02,38
37,38,84682800.00,84701850.00,19050.00,19.050000,0.019050000,38,11
38,39,84701850.00,84759950.00,58100.00,58.100000,0.058100000,11,AF
39,40,84759950.00,84819200.00,59250.00,59.250000,0.059250000,AF,FF
40,41,84819200.00,84832050.00,12850.00,12.850000,0.012850000,FF,FF
41,42,84832050.00,84844900.00,12850.00,12.850000,0.012850000,FF,01
42,43,84844900.00,84857750.00,12850.00,12.850000,0.012850000,01,13
43,44,84857750.00,84870650.00,12900.00,12.900000,0.012900000,13,00
44,45,84870650.00,84883500.00,12850.00,12.850000,0.012850000,00,1C
45,46,84883500.00,84896350.00,12850.00,12.850000,0.012850000,1C,0B
46,47,84896350.00,84909200.00,12850.00,12.850000,0.012850000,0B,00
47,48,84909200.00,84922050.00,12850.00,12.850000,0.012850000,00,00
48,49,84922050.00,84934900.00,12850.00,12.850000,0.012850000,00,81
49,50,84934900.00,84947800.00,12900.00,12.900000,0.012900000,81,04
50,51,84947800.00,84960650.00,12850.00,12.850000,0.012850000,04,2D
51,52,84960650.00,84973500.00,12850.00,12.850000,0.012850000,2D,00
52,53,84973500.00,84986350.00,12850.00,12.850000,0.012850000,00,00
53,54,84986350.00,84999200.00,12850.00,12.850000,0.012850000,00,00
54,55,84999200.00,85012050.00,12850.00,12.850000,0.012850000,00,00
55,56,85012050.00,85024900.00,12850.00,12.850000,0.012850000,00,22
56,57,85024900.00,85037800.00,12900.00,12.900000,0.012900000,22,0B
57,58,85037800.00,85050650.00,12850.00,12.850000,0.012850000,0B,00
58,59,85050650.00,85063500.00,12850.00,12.850000,0.012850000,00,00
59,60,85063500.00,85076350.00,12850.00,12.850000,0.012850000,00,00
60,61,85076350.00,85089200.00,12850.00,12.850000,0.012850000,00,00
61,62,85089200.00,85102050.00,12850.00,12.850000,0.012850000,00,E5
62,63,85102050.00,134878900.00,49776850.00,49776.850000,49.776850000,E5,FF
63,64,134878900.00,134889900.00,11000.00,11.000000,0.011000000,FF,FF
64,65,134889900.00,134900950.00,11050.00,11.050000,0.011050000,FF,01
65,66,134900950.00,134911950.00,11000.00,11.000000,0.011000000,01,04
66,67,134911950.00,134923000.00,11050.00,11.050000,0.011050000,04,02
67,68,134923000.00,134934000.00,11000.00,11.000000,0.011000000,02,38
68,69,134934000.00,134963050.00,29050.00,29.050000,0.029050000,38,11
69,70,134963050.00,135044200.00,81150.00,81.150000,0.081150000,11,AF
70,71,135044200.00,135081750.00,37550.00,37.550000,0.037550000,AF,FF
71,72,135081750.00,135094600.00,12850.00,12.850000,0.012850000,FF,FF
72,73,135094600.00,135107450.00,12850.00,12.850000,0.012850000,FF,01
73,74,135107450.00,135120300.00,12850.00,12.850000,0.012850000,01,13
74,75,135120300.00,135133150.00,12850.00,12.850000,0.012850000,13,00
75,76,135133150.00,135146000.00,12850.00,12.850000,0.012850000,00,1C
76,77,135146000.00,135158900.00,12900.00,12.900000,0.012900000,1C,0B
77,78,135158900.00,135171750.00,12850.00,12.850000,0.012850000,0B,00
78,79,135171750.00,135184600.00,12850.00,12.850000,0.012850000,00,00
79,80,135184600.00,135197450.00,12850.00,12.850000,0.012850000,00,83
80,81,135197450.00,135210300.00,12850.00,12.850000,0.012850000,83,04
81,82,135210300.00,135223150.00,12850.00,12.850000,0.012850000,04,2C
82,83,135223150.00,135236050.00,12900.00,12.900000,0.012900000,2C,00
83,84,135236050.00,135248900.00,12850.00,12.850000,0.012850000,00,00
84,85,135248900.00,135261750.00,12850.00,12.850000,0.012850000,00,00
85,86,135261750.00,135274600.00,12850.00,12.850000,0.012850000,00,00
86,87,135274600.00,135287450.00,12850.00,12.850000,0.012850000,00,22
87,88,135287450.00,135300300.00,12850.00,12.850000,0.012850000,22,0B
88,89,135300300.00,135313200.00,12900.00,12.900000,0.012900000,0B,00
89,90,135313200.00,135326050.00,12850.00,12.850000,0.012850000,00,00
90,91,135326050.00,135338900.00,12850.00,12.850000,0.012850000,00,00
91,92,135338900.00,135351750.00,12850.00,12.850000,0.012850000,00,00
92,93,135351750.00,135364600.00,12850.00,12.850000,0.012850000,00,E4
93,94,135364600.00,184629550.00,49264950.00,49264.950000,49.264950000,E4,FF
94,95,184629550.00,184640600.00,11050.00,11.050000,0.011050000,FF,FF
95,96,184640600.00,184651600.00,11000.00,11.000000,0.011000000,FF,01
96,97,184651600.00,184662650.00,11050.00,11.050000,0.011050000,01,04
97,98,184662650.00,184673650.00,11000.00,11.000000,0.011000000,04,02
98,99,184673650.00,184684700.00,11050.00,11.050000,0.011050000,02,38
99,100,184684700.00,184724750.00,40050.00,40.050000,0.040050000,38,11
100,101,184724750.00,184862000.00,137250.00,137.250000,0.137250000,11,AF
101,102,184862000.00,184919850.00,57850.00,57.850000,0.057850000,AF,FF
102,103,184919850.00,184932700.00,12850.00,12.850000,0.012850000,FF,FF
103,104,184932700.00,184945550.00,12850.00,12.850000,0.012850000,FF,01
104,105,184945550.00,184958400.00,12850.00,12.850000,0.012850000,01,13
105,106,184958400.00,184971300.00,12900.00,12.900000,0.012900000,13,00
106,107,184971300.00,184984150.00,12850.00,12.850000,0.012850000,00,1C
107,108,184984150.00,184997000.00,12850.00,12.850000,0.012850000,1C,0B
108,109,184997000.00,185009850.00,12850.00,12.850000,0.012850000,0B,00
109,110,185009850.00,185022700.00,12850.00,12.850000,0.012850000,00,00
110,111,185022700.00,185035600.00,12900.00,12.900000,0.012900000,00,85
111,112,185035600.00,185048450.00,12850.00,12.850000,0.012850000,85,04
112,113,185048450.00,185061300.00,12850.00,12.850000,0.012850000,04,2C
113,114,185061300.00,185074150.00,12850.00,12.850000,0.012850000,2C,00
114,115,185074150.00,185087000.00,12850.00,12.850000,0.012850000,00,00
115,116,185087000.00,185099900.00,12900.00,12.900000,0.012900000,00,00
116,117,185099900.00,185112750.00,12850.00,12.850000,0.012850000,00,00
117,118,185112750.00,185125600.00,12850.00,12.850000,0.012850000,00,22
118,119,185125600.00,185138450.00,12850.00,12.850000,0.012850000,22,0B
119,120,185138450.00,185151300.00,12850.00,12.850000,0.012850000,0B,00
120,121,185151300.00,185164200.00,12900.00,12.900000,0.012900000,00,00
121,122,185164200.00,185177050.00,12850.00,12.850000,0.012850000,00,00
122,123,185177050.00,185189900.00,12850.00,12.850000,0.012850000,00,00
123,124,185189900.00,185202750.00,12850.00,12.850000,0.012850000,00,E2
124,125,185202750.00,234473350.00,49270600.00,49270.600000,49.270600000,E2,FF
125,126,234473350.00,234484400.00,11050.00,11.050000,0.011050000,FF,FF
126,127,234484400.00,234495400.00,11000.00,11.000000,0.011000000,FF,01
127,128,234495400.00,234506450.00,11050.00,11.050000,0.011050000,01,04
128,129,234506450.00,234517450.00,11000.00,11.000000,0.011000000,04,02
129,130,234517450.00,234528450.00,11000.00,11.000000,0.011000000,02,38
130,131,234528450.00,234565550.00,37100.00,37.100000,0.037100000,38,11
131,132,234565550.00,234632650.00,67100.00,67.100000,0.067100000,11,AF
132,133,234632650.00,234691100.00,58450.00,58.450000,0.058450000,AF,FF
133,134,234691100.00,234703950.00,12850.00,12.850000,0.012850000,FF,FF
134,135,234703950.00,234716850.00,12900.00,12.900000,0.012900000,FF,01
135,136,234716850.00,234729700.00,12850.00,12.850000,0.012850000,01,13
136,137,234729700.00,234742550.00,12850.00,12.850000,0.012850000,13,00
137,138,234742550.00,234755400.00,12850.00,12.850000,0.012850000,00,1C
138,139,234755400.00,234768250.00,12850.00,12.850000,0.012850000,1C,0B
139,140,234768250.00,234781100.00,12850.00,12.850000,0.012850000,0B,00
140,141,234781100.00,234794000.00,12900.00,12.900000,0.012900000,00,00
141,142,234794000.00,234806850.00,12850.00,12.850000,0.012850000,00,87
142,143,234806850.00,234819700.00,12850.00,12.850000,0.012850000,87,04
143,144,234819700.00,234832550.00,12850.00,12.850000,0.012850000,04,2C
144,145,234832550.00,234845400.00,12850.00,12.850000,0.012850000,2C,00
145,146,234845400.00,234858250.00,12850.00,12.850000,0.012850000,00,00
146,147,234858250.00,234871150.00,12900.00,12.900000,0.012900000,00,00
147,148,234871150.00,234884000.00,12850.00,12.850000,0.012850000,00,00
148,149,234884000.00,234896850.00,12850.00,12.850000,0.012850000,00,22
149,150,234896850.00,234909700.00,12850.00,12.850000,0.012850000,22,0B
150,151,234909700.00,234922550.00,12850.00,12.850000,0.012850000,0B,00
151,152,234922550.00,234935400.00,12850.00,12.850000,0.012850000,00,00
152,153,234935400.00,234948300.00,12900.00,12.900000,0.012900000,00,00
153,154,234948300.00,234961150.00,12850.00,12.850000,0.012850000,00,00
154,155,234961150.00,234974000.00,12850.00,12.850000,0.012850000,00,E0
155,156,234974000.00,285334450.00,50360450.00,50360.450000,50.360450000,E0,FF
156,157,285334450.00,285345500.00,11050.00,11.050000,0.011050000,FF,FF
157,158,285345500.00,285356500.00,11000.00,11.000000,0.011000000,FF,01
158,159,285356500.00,285367550.00,11050.00,11.050000,0.011050000,01,04
159,160,285367550.00,285378550.00,11000.00,11.000000,0.011000000,04,02
160,161,285378550.00,285389600.00,11050.00,11.050000,0.011050000,02,38
161,162,285389600.00,285408600.00,19000.00,19.000000,0.019000000,38,11
162,163,285408600.00,285472700.00,64100.00,64.100000,0.064100000,11,AF
163,164,285472700.00,285529450.00,56750.00,56.750000,0.056750000,AF,FF
164,165,285529450.00,285542300.00,12850.00,12.850000,0.012850000,FF,FF
165,166,285542300.00,285555150.00,12850.00,12.850000,0.012850000,FF,01
166,167,285555150.00,285568000.00,12850.00,12.850000,0.012850000,01,13
167,168,285568000.00,285580850.00,12850.00,12.850000,0.012850000,13,00
168,169,285580850.00,285593750.00,12900.00,12.900000,0.012900000,00,1C
169,170,285593750.00,285606600.00,12850.00,12.850000,0.012850000,1C,0B
170,171,285606600.00,285619450.00,12850.00,12.850000,0.012850000,0B,00
171,172,285619450.00,285632300.00,12850.00,12.850000,0.012850000,00,00
172,173,285632300.00,285645150.00,12850.00,12.850000,0.012850000,00,88
173,174,285645150.00,285659000.00,13850.00,13.850000,0.013850000,88,04
174,175,285659000.00,285671850.00,12850.00,12.850000,0.012850000,04,2C
175,176,285671850.00,285684700.00,12850.00,12.850000,0.012850000,2C,00
176,177,285684700.00,285697600.00,12900.00,12.900000,0.012900000,00,00
177,178,285697600.00,285710450.00,12850.00,12.850000,0.012850000,00,00
178,179,285710450.00,285723300.00,12850.00,12.850000,0.012850000,00,00
179,180,285723300.00,285736150.00,12850.00,12.850000,0.012850000,00,22
180,181,285736150.00,285749000.00,12850.00,12.850000,0.012850000,22,0B
181,182,285749000.00,285761900.00,12900.00,12.900000,0.012900000,0B,00
182,183,285761900.00,285774750.00,12850.00,12.850000,0.012850000,00,00
183,184,285774750.00,285787600.00,12850.00,12.850000,0.012850000,00,00
184,185,285787600.00,285800450.00,12850.00,12.850000,0.012850000,00,00
185,186,285800450.00,285813300.00,12850.00,12.850000,0.012850000,00,DF
186,187,285813300.00,335339350.00,49526050.00,49526.050000,49.526050000,DF,FF
187,188,335339350.00,335350350.00,11000.00,11.000000,0.011000000,FF,FF
188,189,335350350.00,335361400.00,11050.00,11.050000,0.011050000,FF,01
189,190,335361400.00,335372400.00,11000.00,11.000000,0.011000000,01,04
190,191,335372400.00,335383450.00,11050.00,11.050000,0.011050000,04,02
191,192,335383450.00,335394450.00,11000.00,11.000000,0.011000000,02,38
192,193,335394450.00,335424500.00,30050.00,30.050000,0.030050000,38,11
193,194,335424500.00,335495600.00,71100.00,71.100000,0.071100000,11,AF
194,195,335495600.00,335534200.00,38600.00,38.600000,0.038600000,AF,FF
195,196,335534200.00,335547050.00,12850.00,12.850000,0.012850000,FF,FF
196,197,335547050.00,335559950.00,12900.00,12.900000,0.012900000,FF,01
197,198,335559950.00,335572800.00,12850.00,12.850000,0.012850000,01,13
198,199,335572800.00,335585650.00,12850.00,12.850000,0.012850000,13,00
199,200,335585650.00,335598500.00,12850.00,12.850000,0.012850000,00,1C
200,201,335598500.00,335611400.00,12900.00,12.900000,0.012900000,1C,0B
201,202,335611400.00,335624250.00,12850.00,12.850000,0.012850000,0B,00
202,203,335624250.00,335637100.00,12850.00,12.850000,0.012850000,00,00
203,204,335637100.00,335649950.00,12850.00,12.850000,0.012850000,00,8A
204,205,335649950.00,335662800.00,12850.00,12.850000,0.012850000,8A,04
205,206,335662800.00,335675650.00,12850.00,12.850000,0.012850000,04,2C
206,207,335675650.00,335688550.00,12900.00,12.900000,0.012900000,2C,00
207,208,335688550.00,335701400.00,12850.00,12.850000,0.012850000,00,00
208,209,335701400.00,335714250.00,12850.00,12.850000,0.012850000,00,00
209,210,335714250.00,335727100.00,12850.00,12.850000,0.012850000,00,00
210,211,335727100.00,335739950.00,12850.00,12.850000,0.012850000,00,22
211,212,335739950.00,335752850.00,12900.00,12.900000,0.012900000,22,0B
212,213,335752850.00,335765700.00,12850.00,12.850000,0.012850000,0B,00
213,214,335765700.00,335778550.00,12850.00,12.850000,0.012850000,00,00
214,215,335778550.00,335791400.00,12850.00,12.850000,0.012850000,00,00
215,216,335791400.00,335804250.00,12850.00,12.850000,0.012850000,00,00
216,217,335804250.00,335817100.00,12850.00,12.850000,0.012850000,00,DD
217,218,335817100.00,385346800.00,49529700.00,49529.700000,49.529700000,DD,FF
218,219,385346800.00,385357800.00,11000.00,11.000000,0.011000000,FF,FF
219,220,385357800.00,385368850.00,11050.00,11.050000,0.011050000,FF,01
220,221,385368850.00,385379850.00,11000.00,11.000000,0.011000000,01,04
221,222,385379850.00,385390900.00,11050.00,11.050000,0.011050000,04,02
222,223,385390900.00,385401900.00,11000.00,11.000000,0.011000000,02,38
223,224,385401900.00,385443950.00,42050.00,42.050000,0.042050000,38,11
224,225,385443950.00,385567150.00,123200.00,123.200000,0.123200000,11,AF
225,226,385567150.00,385624000.00,56850.00,56.850000,0.056850000,AF,FF
226,227,385624000.00,385636900.00,12900.00,12.900000,0.012900000,FF,FF
227,228,385636900.00,385649750.00,12850.00,12.850000,0.012850000,FF,01
228,229,385649750.00,385662600.00,12850.00,12.850000,0.012850000,01,13
229,230,385662600.00,385675450.00,12850.00,12.850000,0.012850000,13,00
230,231,385675450.00,385688300.00,12850.00,12.850000,0.012850000,00,1C
231,232,385688300.00,385701200.00,12900.00,12.900000,0.012900000,1C,0B
232,233,385701200.00,385714050.00,12850.00,12.850000,0.012850000,0B,00
233,234,385714050.00,385726900.00,12850.00,12.850000,0.012850000,00,00
234,235,385726900.00,385739750.00,12850.00,12.850000,0.012850000,00,8C
235,236,385739750.00,385752600.00,12850.00,12.850000,0.012850000,8C,04
236,237,385752600.00,385765450.00,12850.00,12.850000,0.012850000,04,2C
237,238,385765450.00,385778350.00,12900.00,12.900000,0.012900000,2C,00
238,239,385778350.00,385791200.00,12850.00,12.850000,0.012850000,00,00
239,240,385791200.00,385804050.00,12850.00,12.850000,0.012850000,00,00
240,241,385804050.00,385816900.00,12850.00,12.850000,0.012850000,00,00
241,242,385816900.00,385829750.00,12850.00,12.850000,0.012850000,00,22
242,243,385829750.00,385842650.00,12900.00,12.900000,0.012900000,22,0B
243,244,385842650.00,385855500.00,12850.00,12.850000,0.012850000,0B,00
244,245,385855500.00,385868350.00,12850.00,12.850000,0.012850000,00,00
245,246,385868350.00,385881200.00,12850.00,12.850000,0.012850000,00,00
246,247,385881200.00,385894050.00,12850.00,12.850000,0.012850000,00,00
247,248,385894050.00,385906900.00,12850.00,12.850000,0.012850000,00,DB
248,249,385906900.00,435088700.00,49181800.00,49181.800000,49.181800000,DB,FF
249,250,435088700.00,435099700.00,11000.00,11.000000,0.011000000,FF,FF
250,251,435099700.00,435110700.00,11000.00,11.000000,0.011000000,FF,01
251,252,435110700.00,435121750.00,11050.00,11.050000,0.011050000,01,04
252,253,435121750.00,435132750.00,11000.00,11.000000,0.011000000,04,02
253,254,435132750.00,435143800.00,11050.00,11.050000,0.011050000,02,38
254,255,435143800.00,435165800.00,22000.00,22.000000,0.022000000,38,11
255,256,435165800.00,435232900.00,67100.00,67.100000,0.067100000,11,AF
256,257,435232900.00,435289600.00,56700.00,56.700000,0.056700000,AF,FF
257,258,435289600.00,435302500.00,12900.00,12.900000,0.012900000,FF,FF
258,259,435302500.00,435315350.00,12850.00,12.850000,0.012850000,FF,01
259,260,435315350.00,435328200.00,12850.00,12.850000,0.012850000,01,13
260,261,435328200.00,435341050.00,12850.00,12.850000,0.012850000,13,00
261,262,435341050.00,435353950.00,12900.00,12.900000,0.012900000,00,1C
262,263,435353950.00,435366800.00,12850.00,12.850000,0.012850000,1C,0B
263,264,435366800.00,435379650.00,12850.00,12.850000,0.012850000,0B,00
264,265,435379650.00,435392500.00,12850.00,12.850000,0.012850000,00,00
265,266,435392500.00,435405400.00,12900.00,12.900000,0.012900000,00,8E
266,267,435405400.00,435418250.00,12850.00,12.850000,0.012850000,8E,04
267,268,435418250.00,435431100.00,12850.00,12.850000,0.012850000,04,2C
268,269,435431100.00,435443950.00,12850.00,12.850000,0.012850000,2C,00
269,270,435443950.00,435456800.00,12850.00,12.850000,0.012850000,00,00
270,271,435456800.00,435469700.00,12900.00,12.900000,0.012900000,00,00
271,272,435469700.00,435482550.00,12850.00,12.850000,0.012850000,00,00
272,273,435482550.00,435495400.00,12850.00,12.850000,0.012850000,00,22
273,274,435495400.00,435508250.00,12850.00,12.850000,0.012850000,22,0B
274,275,435508250.00,435521150.00,12900.00,12.900000,0.012900000,0B,00
275,276,435521150.00,435534000.00,12850.00,12.850000,0.012850000,00,00
276,277,435534000.00,435546850.00,12850.00,12.850000,0.012850000,00,00
277,278,435546850.00,435559700.00,12850.00,12.850000,0.012850000,00,00
278,279,435559700.00,435572600.00,12900.00,12.900000,0.012900000,00,D9
279,280,435572600.00,484659400.00,49086800.00,49086.800000,49.086800000,D9,FF
280,281,484659400.00,484670400.00,11000.00,11.000000,0.011000000,FF,FF
281,282,484670400.00,484681400.00,11000.00,11.000000,0.011000000,FF,01
282,283,484681400.00,484692400.00,11000.00,11.000000,0.011000000,01,04
283,284,484692400.00,484703450.00,11050.00,11.050000,0.011050000,04,02
284,285,484703450.00,484714450.00,11000.00,11.000000,0.011000000,02,38
285,286,484714450.00,484738500.00,24050.00,24.050000,0.024050000,38,11
286,287,484738500.00,484795550.00,57050.00,57.050000,0.057050000,11,AF
287,288,484795550.00,484852300.00,56750.00,56.750000,0.056750000,AF,FF
288,289,484852300.00,484865150.00,12850.00,12.850000,0.012850000,FF,FF
289,290,484865150.00,484878000.00,12850.00,12.850000,0.012850000,FF,01
290,291,484878000.00,484890850.00,12850.00,12.850000,0.012850000,01,13
291,292,484890850.00,484903700.00,12850.00,12.850000,0.012850000,13,00
292,293,484903700.00,484916600.00,12900.00,12.900000,0.012900000,00,1C
293,294,484916600.00,484929450.00,12850.00,12.850000,0.012850000,1C,0B
294,295,484929450.00,484942300.00,12850.00,12.850000,0.012850000,0B,00
295,296,484942300.00,484955150.00,12850.00,12.850000,0.012850000,00,00
296,297,484955150.00,484968000.00,12850.00,12.850000,0.012850000,00,90
297,298,484968000.00,484980900.00,12900.00,12.900000,0.012900000,90,04
298,299,484980900.00,484993750.00,12850.00,12.850000,0.012850000,04,2C
299,300,484993750.00,485006600.00,12850.00,12.850000,0.012850000,2C,00
300,301,485006600.00,485019450.00,12850.00,12.850000,0.012850000,00,00
301,302,485019450.00,485032300.00,12850.00,12.850000,0.012850000,00,00
302,303,485032300.00,485045200.00,12900.00,12.900000,0.012900000,00,00
303,304,485045200.00,485058050.00,12850.00,12.850000,0.012850000,00,22
304,305,485058050.00,485070900.00,12850.00,12.850000,0.012850000,22,0B
305,306,485070900.00,485083750.00,12850.00,12.850000,0.012850000,0B,00
306,307,485083750.00,485096600.00,12850.00,12.850000,0.012850000,00,00
307,308,485096600.00,485109450.00,12850.00,12.850000,0.012850000,00,00
308,309,485109450.00,485122300.00,12850.00,12.850000,0.012850000,00,00
309,310,485122300.00,485135200.00,12900.00,12.900000,0.012900000,00,D7
310,311,485135200.00,534706500.00,49571300.00,49571.300000,49.571300000,D7,FF
311,312,534706500.00,534717500.00,11000.00,11.000000,0.011000000,FF,FF
312,313,534717500.00,534729550.00,12050.00,12.050000,0.012050000,FF,01
313,314,534729550.00,534740550.00,11000.00,11.000000,0.011000000,01,04
314,315,534740550.00,534751550.00,11000.00,11.000000,0.011000000,04,02
315,316,534751550.00,534762600.00,11050.00,11.050000,0.011050000,02,38
316,317,534762600.00,534795650.00,33050.00,33.050000,0.033050000,38,11
317,318,534795650.00,534873800.00,78150.00,78.150000,0.078150000,11,AF
318,319,534873800.00,534909900.00,36100.00,36.100000,0.036100000,AF,FF
319,320,534909900.00,534924750.00,14850.00,14.850000,0.014850000,FF,FF
320,321,534924750.00,534937600.00,12850.00,12.850000,0.012850000,FF,01
321,322,534937600.00,534950450.00,12850.00,12.850000,0.012850000,01,13
322,323,534950450.00,534963300.00,12850.00,12.850000,0.012850000,13,00
323,324,534963300.00,534976200.00,12900.00,12.900000,0.012900000,00,1C
324,325,534976200.00,534989050.00,12850.00,12.850000,0.012850000,1C,0B
325,326,534989050.00,535001900.00,12850.00,12.850000,0.012850000,0B,00
326,327,535001900.00,535014750.00,12850.00,12.850000,0.012850000,00,00
327,328,535014750.00,535027600.00,12850.00,12.850000,0.012850000,00,92
328,329,535027600.00,535040450.00,12850.00,12.850000,0.012850000,92,04
329,330,535040450.00,535053350.00,12900.00,12.900000,0.012900000,04,2C
330,331,535053350.00,535066200.00,12850.00,12.850000,0.012850000,2C,00
331,332,535066200.00,535079050.00,12850.00,12.850000,0.012850000,00,00
332,333,535079050.00,535091900.00,12850.00,12.850000,0.012850000,00,00
333,334,535091900.00,535104750.00,12850.00,12.850000,0.012850000,00,00
334,335,535104750.00,535117650.00,12900.00,12.900000,0.012900000,00,22
335,336,535117650.00,535130500.00,12850.00,12.850000,0.012850000,22,0B
336,337,535130500.00,535143350.00,12850.00,12.850000,0.012850000,0B,00
337,338,535143350.00,535156200.00,12850.00,12.850000,0.012850000,00,00
338,339,535156200.00,535169050.00,12850.00,12.850000,0.012850000,00,00
339,340,535169050.00,535181900.00,12850.00,12.850000,0.012850000,00,00
340,341,535181900.00,535194800.00,12900.00,12.900000,0.012900000,00,D5
341,342,535194800.00,584673100.00,49478300.00,49478.300000,49.478300000,D5,FF
342,343,584673100.00,584684100.00,11000.00,11.000000,0.011000000,FF,FF
343,344,584684100.00,584695100.00,11000.00,11.000000,0.011000000,FF,01
344,345,584695100.00,584706150.00,11050.00,11.050000,0.011050000,01,04
345,346,584706150.00,584717150.00,11000.00,11.000000,0.011000000,04,02
346,347,584717150.00,584728150.00,11000.00,11.000000,0.011000000,02,38
347,348,584728150.00,584739200.00,11050.00,11.050000,0.011050000,38,11
348,349,584739200.00,584795300.00,56100.00,56.100000,0.056100000,11,AF
349,350,584795300.00,584855200.00,59900.00,59.900000,0.059900000,AF,FF
350,351,584855200.00,584868100.00,12900.00,12.900000,0.012900000,FF,FF
351,352,584868100.00,584880950.00,12850.00,12.850000,0.012850000,FF,01
352,353,584880950.00,584893800.00,12850.00,12.850000,0.012850000,01,13
353,354,584893800.00,584906650.00,12850.00,12.850000,0.012850000,13,00
354,355,584906650.00,584919500.00,12850.00,12.850000,0.012850000,00,1C
355,356,584919500.00,584932400.00,12900.00,12.900000,0.012900000,1C,0B
356,357,584932400.00,584945250.00,12850.00,12.850000,0.012850000,0B,00
357,358,584945250.00,584958100.00,12850.00,12.850000,0.012850000,00,00
358,359,584958100.00,584970950.00,12850.00,12.850000,0.012850000,00,94
359,360,584970950.00,584983800.00,12850.00,12.850000,0.012850000,94,04
360,361,584983800.00,584996700.00,12900.00,12.900000,0.012900000,04,2C
361,362,584996700.00,585009550.00,12850.00,12.850000,0.012850000,2C,00
362,363,585009550.00,585022400.00,12850.00,12.850000,0.012850000,00,00
363,364,585022400.00,585035250.00,12850.00,12.850000,0.012850000,00,00
364,365,585035250.00,585048150.00,12900.00,12.900000,0.012900000,00,00
365,366,585048150.00,585061000.00,12850.00,12.850000,0.012850000,00,22
366,367,585061000.00,585073850.00,12850.00,12.850000,0.012850000,22,0B
367,368,585073850.00,585086700.00,12850.00,12.850000,0.012850000,0B,00
368,369,585086700.00,585099550.00,12850.00,12.850000,0.012850000,00,00
369,370,585099550.00,585112450.00,12900.00,12.900000,0.012900000,00,00
370,371,585112450.00,585125300.00,12850.00,12.850000,0.012850000,00,00
371,372,585125300.00,585138150.00,12850.00,12.850000,0.012850000,00,D3
372,373,585138150.00,642696700.00,57558550.00,57558.550000,57.558550000,D3,FF
373,374,642696700.00,642707750.00,11050.00,11.050000,0.011050000,FF,FF
374,375,642707750.00,642718750.00,11000.00,11.000000,0.011000000,FF,01
375,376,642718750.00,642729750.00,11000.00,11.000000,0.011000000,01,04
376,377,642729750.00,642740800.00,11050.00,11.050000,0.011050000,04,02
377,378,642740800.00,642751800.00,11000.00,11.000000,0.011000000,02,38
378,379,642751800.00,642773850.00,22050.00,22.050000,0.022050000,38,11
379,380,642773850.00,642851950.00,78100.00,78.100000,0.078100000,11,AF
380,381,642851950.00,642910950.00,59000.00,59.000000,0.059000000,AF,FF
381,382,642910950.00,642923800.00,12850.00,12.850000,0.012850000,FF,FF
382,383,642923800.00,642936650.00,12850.00,12.850000,0.012850000,FF,01
383,384,642936650.00,642949500.00,12850.00,12.850000,0.012850000,01,13
384,385,642949500.00,642962400.00,12900.00,12.900000,0.012900000,13,00
385,386,642962400.00,642975250.00,12850.00,12.850000,0.012850000,00,1C
386,387,642975250.00,642988100.00,12850.00,12.850000,0.012850000,1C,0B
387,388,642988100.00,643000950.00,12850.00,12.850000,0.012850000,0B,00
388,389,643000950.00,643013800.00,12850.00,12.850000,0.012850000,00,00
389,390,643013800.00,643026700.00,12900.00,12.900000,0.012900000,00,95
390,391,643026700.00,643039550.00,12850.00,12.850000,0.012850000,95,04
391,392,643039550.00,643052400.00,12850.00,12.850000,0.012850000,04,2C
392,393,643052400.00,643065250.00,12850.00,12.850000,0.012850000,2C,00
393,394,643065250.00,643078100.00,12850.00,12.850000,0.012850000,00,00
394,395,643078100.00,643091000.00,12900.00,12.900000,0.012900000,00,00
395,396,643091000.00,643103850.00,12850.00,12.850000,0.012850000,00,00
396,397,643103850.00,643116700.00,12850.00,12.850000,0.012850000,00,22
397,398,643116700.00,643129550.00,12850.00,12.850000,0.012850000,22,0B
398,399,643129550.00,643142400.00,12850.00,12.850000,0.012850000,0B,00
399,400,643142400.00,643155250.00,12850.00,12.850000,0.012850000,00,00
400,401,643155250.00,643168150.00,12900.00,12.900000,0.012900000,00,00
401,402,643168150.00,643181000.00,12850.00,12.850000,0.012850000,00,00
402,403,643181000.00,643193850.00,12850.00,12.850000,0.012850000,00,D2
403,404,643193850.00,690434400.00,47240550.00,47240.550000,47.240550000,D2,FF
404,405,690434400.00,690445450.00,11050.00,11.050000,0.011050000,FF,FF
405,406,690445450.00,690456450.00,11000.00,11.000000,0.011000000,FF,01
406,407,690456450.00,690467450.00,11000.00,11.000000,0.011000000,01,04
407,408,690467450.00,690478500.00,11050.00,11.050000,0.011050000,04,02
408,409,690478500.00,690489500.00,11000.00,11.000000,0.011000000,02,38
409,410,690489500.00,690569650.00,80150.00,80.150000,0.080150000,38,11
410,411,690569650.00,690646800.00,77150.00,77.150000,0.077150000,11,AF
411,412,690646800.00,690705600.00,58800.00,58.800000,0.058800000,AF,FF
412,413,690705600.00,690718500.00,12900.00,12.900000,0.012900000,FF,FF
413,414,690718500.00,690731350.00,12850.00,12.850000,0.012850000,FF,01
414,415,690731350.00,690744200.00,12850.00,12.850000,0.012850000,01,13
415,416,690744200.00,690757050.00,12850.00,12.850000,0.012850000,13,00
416,417,690757050.00,690769900.00,12850.00,12.850000,0.012850000,00,1C
417,418,690769900.00,690782750.00,12850.00,12.850000,0.012850000,1C,0B
418,419,690782750.00,690795600.00,12850.00,12.850000,0.012850000,0B,00
419,420,690795600.00,690808500.00,12900.00,12.900000,0.012900000,00,00
420,421,690808500.00,690821350.00,12850.00,12.850000,0.012850000,00,97
421,422,690821350.00,690834200.00,12850.00,12.850000,0.012850000,97,04
422,423,690834200.00,690847050.00,12850.00,12.850000,0.012850000,04,2C
423,424,690847050.00,690859900.00,12850.00,12.850000,0.012850000,2C,00
424,425,690859900.00,690872750.00,12850.00,12.850000,0.012850000,00,00
425,426,690872750.00,690885650.00,12900.00,12.900000,0.012900000,00,00
426,427,690885650.00,690898500.00,12850.00,12.850000,0.012850000,00,00
427,428,690898500.00,690911350.00,12850.00,12.850000,0.012850000,00,22
428,429,690911350.00,690924200.00,12850.00,12.850000,0.012850000,22,0B
429,430,690924200.00,690937050.00,12850.00,12.850000,0.012850000,0B,01
430,431,690937050.00,690949950.00,12900.00,12.900000,0.012900000,01,00
431,432,690949950.00,690962800.00,12850.00,12.850000,0.012850000,00,00
432,433,690962800.00,690975650.00,12850.00,12.850000,0.012850000,00,00
433,434,690975650.00,690988500.00,12850.00,12.850000,0.012850000,00,CF
434,435,690988500.00,736481600.00,45493100.00,45493.100000,45.493100000,CF,FF
435,436,736481600.00,736492650.00,11050.00,11.050000,0.011050000,FF,FF
436,437,736492650.00,736503650.00,11000.00,11.000000,0.011000000,FF,01
437,438,736503650.00,736514650.00,11000.00,11.000000,0.011000000,01,04
438,439,736514650.00,736525700.00,11050.00,11.050000,0.011050000,04,02
439,440,736525700.00,736536700.00,11000.00,11.000000,0.011000000,02,38
440,441,736536700.00,736602800.00,66100.00,66.100000,0.066100000,38,11
441,442,736602800.00,736689950.00,87150.00,87.150000,0.087150000,11,AF
442,443,736689950.00,736728400.00,38450.00,38.450000,0.038450000,AF,FF
443,444,736728400.00,736741250.00,12850.00,12.850000,0.012850000,FF,FF
444,445,736741250.00,736754150.00,12900.00,12.900000,0.012900000,FF,01
445,446,736754150.00,736767000.00,12850.00,12.850000,0.012850000,01,13
446,447,736767000.00,736779850.00,12850.00,12.850000,0.012850000,13,00
447,448,736779850.00,736792700.00,12850.00,12.850000,0.012850000,00,1C
448,449,736792700.00,736805550.00,12850.00,12.850000,0.012850000,1C,0B
449,450,736805550.00,736818450.00,12900.00,12.900000,0.012900000,0B,00
450,451,736818450.00,736831300.00,12850.00,12.850000,0.012850000,00,00
451,452,736831300.00,736844150.00,12850.00,12.850000,0.012850000,00,99
452,453,736844150.00,736857000.00,12850.00,12.850000,0.012850000,99,04
453,454,736857000.00,736869850.00,12850.00,12.850000,0.012850000,04,2C
454,455,736869850.00,736882750.00,12900.00,12.900000,0.012900000,2C,00
455,456,736882750.00,736895600.00,12850.00,12.850000,0.012850000,00,00
456,457,736895600.00,736908450.00,12850.00,12.850000,0.012850000,00,00
457,458,736908450.00,736921300.00,12850.00,12.850000,0.012850000,00,00
458,459,736921300.00,736934200.00,12900.00,12.900000,0.012900000,00,22
459,460,736934200.00,736947050.00,12850.00,12.850000,0.012850000,22,0B
460,461,736947050.00,736959900.00,12850.00,12.850000,0.012850000,0B,00
461,462,736959900.00,736972750.00,12850.00,12.850000,0.012850000,00,00
462,463,736972750.00,736985600.00,12850.00,12.850000,0.012850000,00,00
463,464,736985600.00,736998450.00,12850.00,12.850000,0.012850000,00,00
464,465,736998450.00,737011350.00,12900.00,12.900000,0.012900000,00,CE
465,466,737011350.00,797462300.00,60450950.00,60450.950000,60.450950000,CE,FF
466,467,797462300.00,797473350.00,11050.00,11.050000,0.011050000,FF,FF
467,468,797473350.00,797484350.00,11000.00,11.000000,0.011000000,FF,01
468,469,797484350.00,797495400.00,11050.00,11.050000,0.011050000,01,04
469,470,797495400.00,797506400.00,11000.00,11.000000,0.011000000,04,02
470,471,797506400.00,797517400.00,11000.00,11.000000,0.011000000,02,38
471,472,797517400.00,797572500.00,55100.00,55.100000,0.055100000,38,11
472,473,797572500.00,797653650.00,81150.00,81.150000,0.081150000,11,AF
473,474,797653650.00,797711350.00,57700.00,57.700000,0.057700000,AF,FF
474,475,797711350.00,797724200.00,12850.00,12.850000,0.012850000,FF,FF
475,476,797724200.00,797737050.00,12850.00,12.850000,0.012850000,FF,01
476,477,797737050.00,797749900.00,12850.00,12.850000,0.012850000,01,13
477,478,797749900.00,797762750.00,12850.00,12.850000,0.012850000,13,00
478,479,797762750.00,797775650.00,12900.00,12.900000,0.012900000,00,20
479,480,797775650.00,797788500.00,12850.00,12.850000,0.012850000,20,0B
480,481,797788500.00,797801350.00,12850.00,12.850000,0.012850000,0B,0A
481,482,797801350.00,797814200.00,12850.00,12.850000,0.012850000,0A,00
482,483,797814200.00,797827050.00,12850.00,12.850000,0.012850000,00,99
483,484,797827050.00,797839950.00,12900.00,12.900000,0.012900000,99,04
484,485,797839950.00,797852800.00,12850.00,12.850000,0.012850000,04,2D
485,486,797852800.00,797865650.00,12850.00,12.850000,0.012850000,2D,00
486,487,797865650.00,797878500.00,12850.00,12.850000,0.012850000,00,00
487,488,797878500.00,797891350.00,12850.00,12.850000,0.012850000,00,00
488,489,797891350.00,797904250.00,12900.00,12.900000,0.012900000,00,00
489,490,797904250.00,797917100.00,12850.00,12.850000,0.012850000,00,22
490,491,797917100.00,797929950.00,12850.00,12.850000,0.012850000,22,0B
491,492,797929950.00,797942800.00,12850.00,12.850000,0.012850000,0B,00
492,493,797942800.00,797955650.00,12850.00,12.850000,0.012850000,00,00
493,494,797955650.00,797968550.00,12900.00,12.900000,0.012900000,00,00
494,495,797968550.00,797981400.00,12850.00,12.850000,0.012850000,00,00
495,496,797981400.00,797994250.00,12850.00,12.850000,0.012850000,00,BF
496,497,797994250.00,821043200.00,23048950.00,23048.950000,23.048950000,BF,00
497,498,821043200.00,821092700.00,49500.00,49.500000,0.049500000,00,0C
498,499,821092700.00,843576450.00,22483750.00,22483.750000,22.483750000,0C,FF
499,500,843576450.00,843587450.00,11000.00,11.000000,0.011000000,FF,FF
500,501,843587450.00,843598450.00,11000.00,11.000000,0.011000000,FF,01
501,502,843598450.00,843610500.00,12050.00,12.050000,0.012050000,01,04
502,503,843610500.00,843621500.00,11000.00,11.000000,0.011000000,04,02
503,504,843621500.00,843632500.00,11000.00,11.000000,0.011000000,02,38
504,505,843632500.00,843643550.00,11050.00,11.050000,0.011050000,38,11
505,506,843643550.00,843721650.00,78100.00,78.100000,0.078100000,11,AF
506,507,843721650.00,843780900.00,59250.00,59.250000,0.059250000,AF,FF
507,508,843780900.00,843793750.00,12850.00,12.850000,0.012850000,FF,FF
508,509,843793750.00,843806600.00,12850.00,12.850000,0.012850000,FF,01
509,510,843806600.00,843819450.00,12850.00,12.850000,0.012850000,01,13
510,511,843819450.00,843832350.00,12900.00,12.900000,0.012900000,13,00
511,512,843832350.00,843845200.00,12850.00,12.850000,0.012850000,00,24
512,513,843845200.00,843858050.00,12850.00,12.850000,0.012850000,24,0B
513,514,843858050.00,843870900.00,12850.00,12.850000,0.012850000,0B,1D
514,515,843870900.00,843883750.00,12850.00,12.850000,0.012850000,1D,00
515,516,843883750.00,843896650.00,12900.00,12.900000,0.012900000,00,95
516,517,843896650.00,843909500.00,12850.00,12.850000,0.012850000,95,04
517,518,843909500.00,843922350.00,12850.00,12.850000,0.012850000,04,2D
518,519,843922350.00,843935200.00,12850.00,12.850000,0.012850000,2D,00
519,520,843935200.00,843948050.00,12850.00,12.850000,0.012850000,00,00
520,521,843948050.00,843960950.00,12900.00,12.900000,0.012900000,00,00
521,522,843960950.00,843973800.00,12850.00,12.850000,0.012850000,00,00
522,523,843973800.00,843986650.00,12850.00,12.850000,0.012850000,00,22
523,524,843986650.00,843999500.00,12850.00,12.850000,0.012850000,22,0B
524,525,843999500.00,844012350.00,12850.00,12.850000,0.012850000,0B,00
525,526,844012350.00,844025200.00,12850.00,12.850000,0.012850000,00,00
526,527,844025200.00,844038100.00,12900.00,12.900000,0.012900000,00,00
527,528,844038100.00,844050950.00,12850.00,12.850000,0.012850000,00,00
528,529,844050950.00,844063800.00,12850.00,12.850000,0.012850000,00,AC
529,530,844063800.00,889893250.00,45829450.00,45829.450000,45.829450000,AC,FF
530,531,889893250.00,889904250.00,11000.00,11.000000,0.011000000,FF,FF
531,532,889904250.00,889915300.00,11050.00,11.050000,0.011050000,FF,01
532,533,889915300.00,889926300.00,11000.00,11.000000,0.011000000,01,04
533,534,889926300.00,889937300.00,11000.00,11.000000,0.011000000,04,02
534,535,889937300.00,889948300.00,11000.00,11.000000,0.011000000,02,38
535,536,889948300.00,889972350.00,24050.00,24.050000,0.024050000,38,11
536,537,889972350.00,890065500.00,93150.00,93.150000,0.093150000,11,AF
537,538,890065500.00,890122450.00,56950.00,56.950000,0.056950000,AF,FF
538,539,890122450.00,890135300.00,12850.00,12.850000,0.012850000,FF,FF
539,540,890135300.00,890148200.00,12900.00,12.900000,0.012900000,FF,01
540,541,890148200.00,890161050.00,12850.00,12.850000,0.012850000,01,13
541,542,890161050.00,890173900.00,12850.00,12.850000,0.012850000,13,00
542,543,890173900.00,890186750.00,12850.00,12.850000,0.012850000,00,24
543,544,890186750.00,890199600.00,12850.00,12.850000,0.012850000,24,0B
544,545,890199600.00,890212500.00,12900.00,12.900000,0.012900000,0B,1D
545,546,890212500.00,890225350.00,12850.00,12.850000,0.012850000,1D,00
546,547,890225350.00,890238200.00,12850.00,12.850000,0.012850000,00,95
547,548,890238200.00,890251050.00,12850.00,12.850000,0.012850000,95,04
548,549,890251050.00,890263950.00,12900.00,12.900000,0.012900000,04,2D
549,550,890263950.00,890276800.00,12850.00,12.850000,0.012850000,2D,00
550,551,890276800.00,890289650.00,12850.00,12.850000,0.012850000,00,00
551,552,890289650.00,890302500.00,12850.00,12.850000,0.012850000,00,00
552,553,890302500.00,890315350.00,12850.00,12.850000,0.012850000,00,00
553,554,890315350.00,890328250.00,12900.00,12.900000,0.012900000,00,22
554,555,890328250.00,890341100.00,12850.00,12.850000,0.012850000,22,0B
555,556,890341100.00,890353950.00,12850.00,12.850000,0.012850000,0B,00
556,557,890353950.00,890366800.00,12850.00,12.850000,0.012850000,00,00
557,558,890366800.00,890379700.00,12900.00,12.900000,0.012900000,00,00
558,559,890379700.00,890392550.00,12850.00,12.850000,0.012850000,00,00
559,560,890392550.00,890405400.00,12850.00,12.850000,0.012850000,00,AC
560,561,890405400.00,935911600.00,45506200.00,45506.200000,45.506200000,AC,FF
561,562,935911600.00,935922650.00,11050.00,11.050000,0.011050000,FF,FF
562,563,935922650.00,935933650.00,11000.00,11.000000,0.011000000,FF,01
563,564,935933650.00,935944650.00,11000.00,11.000000,0.011000000,01,04
564,565,935944650.00,935955650.00,11000.00,11.000000,0.011000000,04,02
565,566,935955650.00,935966700.00,11050.00,11.050000,0.011050000,02,38
566,567,935966700.00,936032800.00,66100.00,66.100000,0.066100000,38,11
567,568,936032800.00,936110950.00,78150.00,78.150000,0.078150000,11,AF
568,569,936110950.00,936148000.00,37050.00,37.050000,0.037050000,AF,FF
569,570,936148000.00,936160850.00,12850.00,12.850000,0.012850000,FF,FF
570,571,936160850.00,936173750.00,12900.00,12.900000,0.012900000,FF,01
571,572,936173750.00,936186600.00,12850.00,12.850000,0.012850000,01,13
572,573,936186600.00,936199450.00,12850.00,12.850000,0.012850000,13,00
573,574,936199450.00,936212300.00,12850.00,12.850000,0.012850000,00,27
574,575,936212300.00,936225150.00,12850.00,12.850000,0.012850000,27,0B
575,576,936225150.00,936238050.00,12900.00,12.900000,0.012900000,0B,34
576,577,936238050.00,936250900.00,12850.00,12.850000,0.012850000,34,00
577,578,936250900.00,936263750.00,12850.00,12.850000,0.012850000,00,8F
578,579,936263750.00,936276600.00,12850.00,12.850000,0.012850000,8F,04
579,580,936276600.00,936289450.00,12850.00,12.850000,0.012850000,04,2D
580,581,936289450.00,936302350.00,12900.00,12.900000,0.012900000,2D,00
581,582,936302350.00,936315200.00,12850.00,12.850000,0.012850000,00,00
582,583,936315200.00,936328050.00,12850.00,12.850000,0.012850000,00,00
583,584,936328050.00,936340900.00,12850.00,12.850000,0.012850000,00,00
584,585,936340900.00,936353750.00,12850.00,12.850000,0.012850000,00,22
585,586,936353750.00,936366600.00,12850.00,12.850000,0.012850000,22,0B
586,587,936366600.00,936379500.00,12900.00,12.900000,0.012900000,0B,00
587,588,936379500.00,936392350.00,12850.00,12.850000,0.012850000,00,00
588,589,936392350.00,936405200.00,12850.00,12.850000,0.012850000,00,00
589,590,936405200.00,936418050.00,12850.00,12.850000,0.012850000,00,00
590,591,936418050.00,936430900.00,12850.00,12.850000,0.012850000,00,98
591,592,936430900.00,998396000.00,61965100.00,61965.100000,61.965100000,98,FF
592,593,998396000.00,998407000.00,11000.00,11.000000,0.011000000,FF,FF
593,594,998407000.00,998418050.00,11050.00,11.050000,0.011050000,FF,01
594,595,998418050.00,998429050.00,11000.00,11.000000,0.011000000,01,04
595,596,998429050.00,998440100.00,11050.00,11.050000,0.011050000,04,02
596,597,998440100.00,998451100.00,11000.00,11.000000,0.011000000,02,38
597,598,998451100.00,998596300.00,145200.00,145.200000,0.145200000,38,11
598,599,998596300.00,998660400.00,64100.00,64.100000,0.064100000,11,AF
599,600,998660400.00,998717200.00,56800.00,56.800000,0.056800000,AF,FF
600,601,998717200.00,998730050.00,12850.00,12.850000,0.012850000,FF,FF
601,602,998730050.00,998742950.00,12900.00,12.900000,0.012900000,FF,01
602,603,998742950.00,998755800.00,12850.00,12.850000,0.012850000,01,13
603,604,998755800.00,998768650.00,12850.00,12.850000,0.012850000,13,00
604,605,998768650.00,998781500.00,12850.00,12.850000,0.012850000,00,2D
605,606,998781500.00,998794350.00,12850.00,12.850000,0.012850000,2D,0B
606,607,998794350.00,998807250.00,12900.00,12.900000,0.012900000,0B,40
607,608,998807250.00,998820100.00,12850.00,12.850000,0.012850000,40,00
608,609,998820100.00,998832950.00,12850.00,12.850000,0.012850000,00,7F
609,610,998832950.00,998845800.00,12850.00,12.850000,0.012850000,7F,04
610,611,998845800.00,998858650.00,12850.00,12.850000,0.012850000,04,2D
611,612,998858650.00,998871500.00,12850.00,12.850000,0.012850000,2D,00
612,613,998871500.00,998884400.00,12900.00,12.900000,0.012900000,00,00
613,614,998884400.00,998897250.00,12850.00,12.850000,0.012850000,00,00
614,615,998897250.00,998910100.00,12850.00,12.850000,0.012850000,00,00
615,616,998910100.00,998922950.00,12850.00,12.850000,0.012850000,00,22
616,617,998922950.00,998935800.00,12850.00,12.850000,0.012850000,22,0B
617,618,998935800.00,998948650.00,12850.00,12.850000,0.012850000,0B,00
618,619,998948650.00,998961550.00,12900.00,12.900000,0.012900000,00,00
619,620,998961550.00,998974400.00,12850.00,12.850000,0.012850000,00,00
620,621,998974400.00,998987250.00,12850.00,12.850000,0.012850000,00,00
621,622,998987250.00,999000100.00,12850.00,12.850000,0.012850000,00,96
