Id,AHex,BHex,ADelta[ns],BDelta[ns],AMinusB[ns],SameByte
1,FF,FF,0.00,0.00,0.00,1
2,FF,FF,10950.00,10950.00,0.00,1
3,02,07,10950.00,10950.00,0.00,0
4,04,04,10950.00,10950.00,0.00,1
5,02,02,10950.00,11000.00,-50.00,1
6,38,38,10950.00,10950.00,0.00,1
7,11,11,65750.00,57800.00,7950.00,1
8,AE,A9,117500.00,110650.00,6850.00,0
9,FF,FF,25900.00,48300.00,-22400.00,1
10,FF,FF,9850.00,9950.00,-100.00,1
11,02,07,9850.00,9900.00,-50.00,0
12,13,13,9900.00,9950.00,-50.00,1
13,00,00,9850.00,9900.00,-50.00,1
14,03,A5,9900.00,9950.00,-50.00,0
15,08,08,9850.00,9950.00,-100.00,1
16,00,00,9900.00,9900.00,0.00,1
17,00,00,9850.00,9950.00,-100.00,1
18,09,00,9900.00,9900.00,0.00,0
19,04,00,9850.00,9950.00,-100.00,0
20,78,7A,9900.00,9950.00,-50.00,0
21,00,1F,9850.00,9900.00,-50.00,0
22,00,00,9900.00,9950.00,-50.00,1
23,00,00,9850.00,9900.00,-50.00,1
24,00,00,9900.00,9950.00,-50.00,1
25,FF,A5,9850.00,9950.00,-100.00,0
26,07,08,9900.00,9900.00,0.00,0
27,00,00,9850.00,9950.00,-100.00,1
28,00,00,9900.00,9900.00,0.00,1
29,00,00,9850.00,9950.00,-100.00,1
30,00,00,9900.00,9950.00,-50.00,1
31,54,F2,9850.00,9900.00,-50.00,0
32,FF,FF,49020300.00,49263900.00,-243600.00,1
33,FF,FF,10950.00,10950.00,0.00,1
34,02,07,10950.00,10950.00,0.00,0
35,04,04,10950.00,10950.00,0.00,1
36,02,02,10950.00,11000.00,-50.00,1
37,38,38,10950.00,10950.00,0.00,1
38,11,11,49800.00,90700.00,-40900.00,1
39,AE,A9,108600.00,119650.00,-11050.00,0
40,FF,FF,26650.00,44400.00,-17750.00,1
41,FF,FF,9850.00,9950.00,-100.00,1
42,02,07,9900.00,9900.00,0.00,0
43,13,13,9850.00,9950.00,-100.00,1
44,00,00,9850.00,9900.00,-50.00,1
45,03,A5,9900.00,9950.00,-50.00,0
46,08,08,9850.00,9950.00,-100.00,1
47,00,00,9900.00,9900.00,0.00,1
48,00,00,9900.00,9950.00,-50.00,1
49,08,00,9850.00,9900.00,-50.00,0
50,04,00,9900.00,9950.00,-50.00,0
51,78,7A,9850.00,9950.00,-100.00,0
52,00,1F,9850.00,9900.00,-50.00,0
53,00,00,9900.00,9950.00,-50.00,1
54,00,00,9850.00,9900.00,-50.00,1
55,00,00,9900.00,9950.00,-50.00,1
56,FF,A5,9850.00,9950.00,-100.00,0
57,07,08,9900.00,9950.00,-50.00,0
58,00,00,9850.00,9900.00,-50.00,1
59,00,00,9900.00,9950.00,-50.00,1
60,00,00,9850.00,9900.00,-50.00,1
61,00,00,9900.00,9950.00,-50.00,1
62,55,F2,9850.00,9950.00,-100.00,0
63,FF,FF,49552600.00,49495600.00,57000.00,1
64,FF,FF,10950.00,11000.00,-50.00,1
65,02,07,10950.00,10950.00,0.00,0
66,04,04,10950.00,10950.00,0.00,1
67,02,02,11000.00,10950.00,50.00,1
68,38,38,10950.00,11000.00,-50.00,1
69,11,11,55750.00,75700.00,-19950.00,1
70,AE,A9,82650.00,120650.00,-38000.00,0
71,FF,FF,26150.00,41650.00,-15500.00,1
72,FF,FF,9850.00,9950.00,-100.00,1
73,02,07,9900.00,9950.00,-50.00,0
74,13,13,9850.00,9900.00,-50.00,1
75,00,00,9850.00,9950.00,-100.00,1
76,03,A5,9900.00,9900.00,0.00,0
77,08,08,9850.00,9950.00,-100.00,1
78,00,00,9900.00,9950.00,-50.00,1
79,00,00,9850.00,9900.00,-50.00,1
80,06,00,9900.00,9950.00,-50.00,0
81,04,00,9850.00,9950.00,-100.00,0
82,78,7A,9900.00,9900.00,0.00,0
83,00,1F,9850.00,9950.00,-100.00,0
84,00,00,9900.00,9950.00,-50.00,1
85,00,00,9850.00,9900.00,-50.00,1
86,00,00,9900.00,9950.00,-50.00,1
87,FF,A5,9850.00,9950.00,-100.00,0
88,07,08,9900.00,9900.00,0.00,0
89,00,00,9850.00,9950.00,-100.00,1
90,00,00,9900.00,9950.00,-50.00,1
91,00,00,9850.00,9900.00,-50.00,1
92,00,00,9900.00,9950.00,-50.00,1
93,57,F2,9850.00,9950.00,-100.00,0
94,FF,FF,49568050.00,49432250.00,135800.00,1
95,FF,FF,10950.00,10950.00,0.00,1
96,02,07,10950.00,11000.00,-50.00,0
97,04,04,10950.00,10950.00,0.00,1
98,02,02,10950.00,10950.00,0.00,1
99,38,38,10950.00,10950.00,0.00,1
100,11,11,126500.00,70800.00,55700.00,1
101,AE,A9,110550.00,156450.00,-45900.00,0
102,FF,FF,26800.00,44450.00,-17650.00,1
103,FF,FF,9900.00,9950.00,-50.00,1
104,02,07,9850.00,9950.00,-100.00,0
105,13,13,9900.00,9900.00,0.00,1
106,00,00,9850.00,9950.00,-100.00,1
107,03,A5,9900.00,9900.00,0.00,0
108,08,08,9850.00,9950.00,-100.00,1
109,00,00,9900.00,9900.00,0.00,1
110,00,00,9850.00,9950.00,-100.00,1
111,05,00,9900.00,9950.00,-50.00,0
112,04,00,9850.00,9900.00,-50.00,0
113,78,7A,9900.00,9950.00,-50.00,0
114,00,1F,9850.00,9900.00,-50.00,0
115,00,00,9900.00,9950.00,-50.00,1
116,00,00,9850.00,9950.00,-100.00,1
117,00,00,9900.00,9900.00,0.00,1
118,FF,A5,9850.00,9950.00,-100.00,0
119,07,08,9900.00,9950.00,-50.00,0
120,00,00,9850.00,9900.00,-50.00,1
121,00,00,9900.00,9950.00,-50.00,1
122,00,00,9850.00,9950.00,-100.00,1
123,00,00,9900.00,9900.00,0.00,1
124,58,F2,9850.00,9950.00,-100.00,0
125,FF,FF,49496000.00,49466650.00,29350.00,1
126,FF,FF,10950.00,11000.00,-50.00,1
127,02,07,10950.00,10950.00,0.00,0
128,04,04,10950.00,10950.00,0.00,1
129,02,02,11000.00,10950.00,50.00,1
130,38,38,10950.00,10950.00,0.00,1
131,11,11,117500.00,128550.00,-11050.00,1
132,AE,A9,111550.00,167400.00,-55850.00,0
133,FF,FF,27150.00,43200.00,-16050.00,1
134,FF,FF,9850.00,9900.00,-50.00,1
135,02,07,9900.00,9950.00,-50.00,0
136,13,13,9850.00,9900.00,-50.00,1
137,00,00,9850.00,9950.00,-100.00,1
138,03,A5,9900.00,9950.00,-50.00,0
139,08,08,9850.00,9900.00,-50.00,1
140,00,00,9900.00,9950.00,-50.00,1
141,00,00,9850.00,9950.00,-100.00,1
142,04,00,9900.00,9900.00,0.00,0
143,04,00,9850.00,9950.00,-100.00,0
144,78,7A,9900.00,9900.00,0.00,0
145,00,1F,9850.00,9950.00,-100.00,0
146,00,00,9900.00,9950.00,-50.00,1
147,00,00,9850.00,9900.00,-50.00,1
148,00,00,9900.00,9950.00,-50.00,1
149,FF,A5,9850.00,9950.00,-100.00,0
150,07,08,9900.00,9900.00,0.00,0
151,00,00,9850.00,9950.00,-100.00,1
152,00,00,9900.00,9950.00,-50.00,1
153,00,00,9850.00,9900.00,-50.00,1
154,00,00,9900.00,9950.00,-50.00,1
155,59,F2,9850.00,9900.00,-50.00,0
156,FF,FF,49443950.00,49692550.00,-248600.00,1
157,FF,FF,10950.00,10950.00,0.00,1
158,02,07,10950.00,10950.00,0.00,0
159,04,04,10950.00,10950.00,0.00,1
160,02,02,10950.00,10950.00,0.00,1
161,38,38,10950.00,10950.00,0.00,1
162,11,11,91650.00,70750.00,20900.00,1
163,AE,A9,113550.00,105650.00,7900.00,0
164,FF,FF,25700.00,43550.00,-17850.00,1
165,FF,FF,9850.00,9950.00,-100.00,1
166,02,07,9900.00,9900.00,0.00,0
167,13,13,9850.00,9950.00,-100.00,1
168,00,00,9850.00,9900.00,-50.00,1
169,03,A5,9900.00,9950.00,-50.00,0
170,08,08,9850.00,9900.00,-50.00,1
171,00,00,9900.00,9950.00,-50.00,1
172,00,00,9850.00,9900.00,-50.00,1
173,03,00,9900.00,9950.00,-50.00,0
174,04,00,9850.00,9950.00,-100.00,0
175,78,7A,9900.00,9900.00,0.00,0
176,00,1F,9850.00,9950.00,-100.00,0
177,00,00,9900.00,9900.00,0.00,1
178,00,00,9850.00,9950.00,-100.00,1
179,00,00,9900.00,9950.00,-50.00,1
180,FF,A5,9850.00,9900.00,-50.00,0
181,07,08,9900.00,9950.00,-50.00,0
182,00,00,9850.00,9900.00,-50.00,1
183,00,00,9900.00,9950.00,-50.00,1
184,00,00,9850.00,9950.00,-100.00,1
185,00,00,9900.00,9900.00,0.00,1
186,5A,F2,9850.00,9950.00,-100.00,0
187,FF,FF,49489800.00,48712500.00,777300.00,1
188,FF,FF,10950.00,10950.00,0.00,1
189,02,07,11000.00,10950.00,50.00,0
190,04,04,10950.00,10950.00,0.00,1
191,02,02,10950.00,11000.00,-50.00,1
192,38,38,10950.00,10950.00,0.00,1
193,11,11,66750.00,92650.00,-25900.00,1
194,AE,A9,102600.00,108650.00,-6050.00,0
195,FF,FF,25450.00,41550.00,-16100.00,1
196,FF,FF,9850.00,9900.00,-50.00,1
197,02,07,9900.00,9950.00,-50.00,0
198,13,13,9850.00,9900.00,-50.00,1
199,00,00,9850.00,9950.00,-100.00,1
200,03,A5,9900.00,9900.00,0.00,0
201,08,08,9850.00,9950.00,-100.00,1
202,00,00,9900.00,9900.00,0.00,1
203,00,00,9850.00,9950.00,-100.00,1
204,02,00,9900.00,9950.00,-50.00,0
205,04,00,9850.00,9900.00,-50.00,0
206,78,7A,9900.00,9950.00,-50.00,0
207,00,1F,9850.00,9900.00,-50.00,0
208,00,00,9900.00,9950.00,-50.00,1
209,00,00,9850.00,9950.00,-100.00,1
210,00,00,9900.00,9900.00,0.00,1
211,FF,A5,9850.00,9950.00,-100.00,0
212,07,08,9900.00,9950.00,-50.00,0
213,00,00,9850.00,9900.00,-50.00,1
214,00,00,9900.00,9950.00,-50.00,1
215,00,00,9850.00,9900.00,-50.00,1
216,00,00,9900.00,9950.00,-50.00,1
217,5B,F2,9850.00,9900.00,-50.00,0
218,FF,00,49538800.00,8453300.00,41085500.00,0
219,FF,FF,10950.00,41252600.00,-41241650.00,1
220,02,FF,10950.00,11000.00,-50.00,0
221,04,07,10950.00,10950.00,0.00,0
222,02,04,11000.00,10950.00,50.00,0
223,38,02,10950.00,11000.00,-50.00,0
224,11,38,36850.00,10950.00,25900.00,0
225,AE,11,105650.00,124600.00,-18950.00,0
226,FF,A9,26050.00,124550.00,-98500.00,0
227,FF,FF,9900.00,42100.00,-32200.00,1
228,02,FF,9850.00,9950.00,-100.00,0
229,13,07,9850.00,9900.00,-50.00,0
230,00,13,9900.00,9950.00,-50.00,0
231,03,00,9850.00,9900.00,-50.00,0
232,08,A5,9900.00,9950.00,-50.00,0
233,00,08,9850.00,9950.00,-100.00,0
234,00,00,9900.00,9900.00,0.00,1
235,00,00,9900.00,9950.00,-50.00,1
236,04,00,9850.00,9900.00,-50.00,0
237,78,00,9900.00,9950.00,-50.00,0
238,00,7A,9850.00,9950.00,-100.00,0
239,00,1F,9850.00,9900.00,-50.00,0
240,00,00,9900.00,9950.00,-50.00,1
241,00,00,9900.00,9950.00,-50.00,1
242,FF,00,9850.00,9900.00,-50.00,0
243,07,A5,9900.00,9950.00,-50.00,0
244,00,08,9850.00,9950.00,-100.00,0
245,00,00,9850.00,9900.00,-50.00,1
246,00,00,9900.00,9950.00,-50.00,1
247,00,00,9850.00,9900.00,-50.00,1
248,5D,00,9900.00,9950.00,-50.00,0
249,FF,F2,50135650.00,9950.00,50125700.00,0
250,FF,FF,10950.00,49637050.00,-49626100.00,1
251,02,FF,11000.00,10950.00,50.00,0
252,04,07,10950.00,11000.00,-50.00,0
253,02,04,10950.00,10950.00,0.00,0
254,38,02,10950.00,10950.00,0.00,0
255,11,38,91700.00,11000.00,80700.00,0
256,AE,11,127500.00,50800.00,76700.00,0
257,FF,A9,25350.00,106700.00,-81350.00,0
258,FF,FF,9900.00,44150.00,-34250.00,1
259,02,FF,9850.00,9950.00,-100.00,0
260,13,07,9850.00,9950.00,-100.00,0
261,00,13,9900.00,9900.00,0.00,0
262,03,00,9850.00,9950.00,-100.00,0
263,08,A5,9900.00,9900.00,0.00,0
264,00,08,9850.00,9950.00,-100.00,0
265,00,00,9900.00,9900.00,0.00,1
266,00,00,9850.00,9950.00,-100.00,1
267,00,00,9900.00,9950.00,-50.00,1
268,78,00,9850.00,9900.00,-50.00,0
269,00,7A,9900.00,9950.00,-50.00,0
270,00,1F,9850.00,9950.00,-100.00,0
271,00,00,9900.00,9900.00,0.00,1
272,00,00,9850.00,9950.00,-100.00,1
273,FF,00,9900.00,9900.00,0.00,0
274,07,A5,9900.00,9950.00,-50.00,0
275,00,08,9850.00,9950.00,-100.00,0
276,00,00,9850.00,9900.00,-50.00,1
277,00,00,9900.00,9950.00,-50.00,1
278,00,00,9850.00,9950.00,-100.00,1
279,61,00,9900.00,9900.00,0.00,0
280,FF,F2,48648800.00,9950.00,48638850.00,0
281,FF,FF,10950.00,49525700.00,-49514750.00,1
282,02,FF,11000.00,10950.00,50.00,0
283,04,07,10950.00,10950.00,0.00,0
284,02,04,10950.00,10950.00,0.00,0
285,38,02,10950.00,10950.00,0.00,0
286,11,38,45850.00,10950.00,34900.00,0
287,AE,11,105700.00,41850.00,63850.00,0
288,FF,A9,25850.00,106600.00,-80750.00,0
289,FF,FF,9900.00,42950.00,-33050.00,1
290,02,FF,9850.00,9950.00,-100.00,0
291,13,07,9900.00,9950.00,-50.00,0
292,00,13,9850.00,9900.00,-50.00,0
293,03,00,9900.00,9950.00,-50.00,0
294,08,A5,9850.00,9950.00,-100.00,0
295,00,08,9900.00,9900.00,0.00,0
296,00,00,9850.00,9950.00,-100.00,1
297,01,00,9900.00,9950.00,-50.00,0
298,00,00,9850.00,9900.00,-50.00,1
299,78,00,9900.00,9950.00,-50.00,0
300,00,7A,9850.00,9950.00,-100.00,0
301,00,1F,9900.00,9900.00,0.00,0
302,00,00,9850.00,9950.00,-100.00,1
303,00,00,9900.00,9950.00,-50.00,1
304,FF,00,9850.00,9900.00,-50.00,0
305,07,A5,9900.00,9950.00,-50.00,0
306,00,08,9850.00,9950.00,-100.00,0
307,00,00,9900.00,9900.00,0.00,1
308,00,00,9850.00,9950.00,-100.00,1
309,00,00,9900.00,9950.00,-50.00,1
310,60,00,9850.00,9900.00,-50.00,0
311,FF,F2,50091750.00,9950.00,50081800.00,0
312,FF,FF,10950.00,49523250.00,-49512300.00,1
313,02,FF,10950.00,11000.00,-50.00,0
314,04,07,11000.00,10950.00,50.00,0
315,02,04,10950.00,10950.00,0.00,0
316,38,02,10950.00,10950.00,0.00,0
317,11,38,95700.00,10950.00,84750.00,0
318,AE,11,111550.00,104600.00,6950.00,0
319,FF,A9,26050.00,101600.00,-75550.00,0
320,FF,FF,9900.00,43750.00,-33850.00,1
321,02,FF,9850.00,9950.00,-100.00,0
322,13,07,9850.00,9950.00,-100.00,0
323,00,13,9900.00,9900.00,0.00,0
324,03,00,9850.00,9950.00,-100.00,0
325,08,A5,9900.00,9950.00,-50.00,0
326,00,08,9850.00,9900.00,-50.00,0
327,00,00,9900.00,9950.00,-50.00,1
328,02,00,9850.00,9950.00,-100.00,0
329,00,00,9900.00,9900.00,0.00,1
330,78,00,9850.00,9950.00,-100.00,0
331,00,76,9900.00,9950.00,-50.00,0
332,00,1F,9850.00,9900.00,-50.00,0
333,00,00,9900.00,9950.00,-50.00,1
334,00,00,9850.00,9950.00,-100.00,1
335,FF,00,9900.00,9950.00,-50.00,0
336,07,A5,9900.00,9900.00,0.00,0
337,00,08,9850.00,9950.00,-100.00,0
338,00,00,9850.00,9950.00,-100.00,1
339,00,00,9900.00,9900.00,0.00,1
340,00,00,9850.00,9950.00,-100.00,1
341,5F,00,9900.00,9950.00,-50.00,0
342,FF,F6,49356300.00,9900.00,49346400.00,0
343,FF,FF,10950.00,49471700.00,-49460750.00,1
344,02,FF,11000.00,10950.00,50.00,0
345,04,07,10950.00,10950.00,0.00,0
346,02,04,10950.00,11000.00,-50.00,0
347,38,02,10950.00,10950.00,0.00,0
348,11,38,10950.00,10950.00,0.00,0
349,AE,11,61800.00,118600.00,-56800.00,0
350,FF,A9,25550.00,183300.00,-157750.00,0
351,FF,FF,9850.00,44950.00,-35100.00,1
352,02,FF,9900.00,9950.00,-50.00,0
353,13,07,9850.00,9900.00,-50.00,0
354,00,13,9850.00,9950.00,-100.00,0
355,03,00,9900.00,9900.00,0.00,0
356,08,A5,9850.00,9950.00,-100.00,0
357,00,08,9900.00,9950.00,-50.00,0
358,00,00,9850.00,9950.00,-100.00,1
359,03,00,9900.00,9900.00,0.00,0
360,00,00,9850.00,9950.00,-100.00,1
361,78,00,9900.00,9950.00,-50.00,0
362,00,7A,9850.00,9900.00,-50.00,0
363,00,1F,9900.00,9950.00,-50.00,0
364,00,00,9850.00,9950.00,-100.00,1
365,00,00,9900.00,9900.00,0.00,1
366,FF,00,9850.00,9950.00,-100.00,0
367,07,A5,9900.00,9950.00,-50.00,0
368,00,08,9850.00,9950.00,-100.00,0
369,00,00,9900.00,9900.00,0.00,1
370,00,00,9850.00,9950.00,-100.00,1
371,00,00,9900.00,9950.00,-50.00,1
372,5E,00,9850.00,9900.00,-50.00,0
373,00,F2,2173650.00,9950.00,2163700.00,0
374,50,FF,568450.00,49258450.00,-48690000.00,0
375,FF,FF,47376200.00,10950.00,47365250.00,1
376,FF,07,10950.00,11000.00,-50.00,0
377,02,04,10950.00,10950.00,0.00,0
378,04,02,11000.00,10950.00,50.00,0
379,02,38,10950.00,11000.00,-50.00,0
380,38,11,10950.00,79800.00,-68850.00,0
381,11,A9,70700.00,111650.00,-40950.00,0
382,AE,FF,132500.00,45650.00,86850.00,0
383,FF,FF,25650.00,9950.00,15700.00,1
384,FF,07,9900.00,9900.00,0.00,0
385,02,13,9850.00,9950.00,-100.00,0
386,13,00,9900.00,9900.00,0.00,0
387,00,A5,9850.00,9950.00,-100.00,0
388,03,08,9900.00,9950.00,-50.00,0
389,08,00,9850.00,9900.00,-50.00,0
390,00,00,9900.00,9950.00,-50.00,1
391,00,00,9850.00,9950.00,-100.00,1
392,04,00,9900.00,9900.00,0.00,0
393,00,7A,9850.00,9950.00,-100.00,0
394,78,1F,9900.00,9950.00,-50.00,0
395,00,00,9850.00,9900.00,-50.00,1
396,00,00,9900.00,9950.00,-50.00,1
397,00,00,9850.00,9950.00,-100.00,1
398,00,A5,9900.00,9900.00,0.00,0
399,FF,08,9850.00,9950.00,-100.00,0
400,07,00,9900.00,9950.00,-50.00,0
401,00,00,9900.00,9900.00,0.00,1
402,00,00,9850.00,9950.00,-100.00,1
403,00,00,9900.00,9950.00,-50.00,1
404,00,F2,9850.00,9900.00,-50.00,0
405,5D,FF,9900.00,49869250.00,-49859350.00,0
406,FF,FF,49430150.00,10950.00,49419200.00,1
407,FF,07,10950.00,10950.00,0.00,0
408,02,04,10950.00,11000.00,-50.00,0
409,04,02,10950.00,10950.00,0.00,0
410,02,38,10950.00,10950.00,0.00,0
411,38,11,10950.00,81750.00,-70800.00,0
412,11,A9,16950.00,104650.00,-87700.00,0
413,AE,FF,133450.00,42450.00,91000.00,0
414,FF,FF,26800.00,9900.00,16900.00,1
415,FF,07,9850.00,9950.00,-100.00,0
416,02,13,9900.00,9900.00,0.00,0
417,13,00,9850.00,9950.00,-100.00,0
418,00,A5,9850.00,9950.00,-100.00,0
419,03,08,9900.00,9900.00,0.00,0
420,08,00,9850.00,9950.00,-100.00,0
421,00,00,9900.00,9900.00,0.00,1
422,00,00,9850.00,9950.00,-100.00,1
423,06,00,9900.00,9950.00,-50.00,0
424,00,7A,9850.00,9900.00,-50.00,0
425,78,1F,9900.00,9950.00,-50.00,0
426,00,00,9850.00,9950.00,-100.00,1
427,00,00,9900.00,9900.00,0.00,1
428,00,00,9850.00,9950.00,-100.00,1
429,00,A5,9900.00,9950.00,-50.00,0
430,FF,08,9900.00,9900.00,0.00,0
431,07,00,9850.00,9950.00,-100.00,0
432,00,00,9900.00,9950.00,-50.00,1
433,00,00,9850.00,9900.00,-50.00,1
434,00,00,9900.00,9950.00,-50.00,1
435,00,F2,9850.00,9900.00,-50.00,0
436,5B,FF,9900.00,49462600.00,-49452700.00,0
437,FF,FF,48897750.00,10950.00,48886800.00,1
438,FF,07,10950.00,10950.00,0.00,0
439,02,04,10950.00,10950.00,0.00,0
440,04,02,10950.00,11000.00,-50.00,0
441,02,38,11000.00,10950.00,50.00,0
442,38,11,10950.00,100650.00,-89700.00,0
443,11,A9,43850.00,131550.00,-87700.00,0
444,AE,FF,101600.00,46200.00,55400.00,0
445,FF,FF,27350.00,9950.00,17400.00,1
446,FF,07,9850.00,9900.00,-50.00,0
447,02,13,9900.00,9950.00,-50.00,0
448,13,00,9850.00,9900.00,-50.00,0
449,00,A5,9900.00,9950.00,-50.00,0
450,03,08,9850.00,9950.00,-100.00,0
451,08,00,9900.00,9900.00,0.00,0
452,00,00,9850.00,9950.00,-100.00,1
453,00,00,9900.00,9950.00,-50.00,1
454,07,00,9850.00,9900.00,-50.00,0
455,00,7A,9900.00,9950.00,-50.00,0
456,78,1F,9850.00,9950.00,-100.00,0
457,00,00,9900.00,9900.00,0.00,1
458,00,00,9850.00,9950.00,-100.00,1
459,00,00,9900.00,9900.00,0.00,1
460,00,A5,9850.00,9950.00,-100.00,0
461,FF,08,9900.00,9950.00,-50.00,0
462,07,00,9900.00,9900.00,0.00,0
463,00,00,9850.00,9950.00,-100.00,1
464,00,00,9850.00,9950.00,-100.00,1
465,00,00,9900.00,9900.00,0.00,1
466,00,F2,9850.00,9950.00,-100.00,0
467,5A,FF,9900.00,49436550.00,-49426650.00,0
468,FF,FF,49581750.00,10950.00,49570800.00,1
469,FF,07,10950.00,10950.00,0.00,0
470,02,04,11000.00,10950.00,50.00,0
471,04,02,10950.00,11000.00,-50.00,0
472,02,38,10950.00,10950.00,0.00,0
473,38,11,10950.00,108600.00,-97650.00,0
474,11,A9,203250.00,104550.00,98700.00,0
475,AE,FF,104600.00,45800.00,58800.00,0
476,FF,FF,25850.00,9950.00,15900.00,1
477,FF,07,9850.00,9950.00,-100.00,0
478,02,13,9900.00,9900.00,0.00,0
479,13,00,9850.00,9950.00,-100.00,0
480,00,A5,9850.00,9900.00,-50.00,0
481,03,08,9900.00,9950.00,-50.00,0
482,08,00,9850.00,9950.00,-100.00,0
483,00,00,9900.00,9900.00,0.00,1
484,00,00,9850.00,9950.00,-100.00,1
485,08,00,9900.00,9950.00,-50.00,0
486,00,7A,9900.00,9900.00,0.00,0
487,78,1F,9850.00,9950.00,-100.00,0
488,00,00,9900.00,9950.00,-50.00,1
489,00,00,9850.00,9900.00,-50.00,1
490,00,00,9900.00,9950.00,-50.00,1
491,00,A5,9850.00,9950.00,-100.00,0
492,FF,08,9900.00,9900.00,0.00,0
493,07,00,9850.00,9950.00,-100.00,0
494,00,00,9900.00,9950.00,-50.00,1
495,00,00,9850.00,9900.00,-50.00,1
496,00,00,9900.00,9950.00,-50.00,1
497,00,F2,9850.00,9950.00,-100.00,0
498,59,FF,9900.00,49126850.00,-49116950.00,0
499,FF,FF,49961650.00,10950.00,49950700.00,1
500,FF,07,10950.00,10950.00,0.00,0
501,02,04,10950.00,11000.00,-50.00,0
502,04,02,11000.00,10950.00,50.00,0
503,02,38,10950.00,10950.00,0.00,0
504,38,11,10950.00,97700.00,-86750.00,0
505,11,A9,50800.00,108650.00,-57850.00,0
506,AE,FF,108600.00,47250.00,61350.00,0
507,FF,FF,25750.00,9950.00,15800.00,1
508,FF,07,9850.00,9900.00,-50.00,0
509,02,13,9900.00,9950.00,-50.00,0
510,13,00,9850.00,9900.00,-50.00,0
511,00,A5,9850.00,9950.00,-100.00,0
512,03,08,9900.00,9950.00,-50.00,0
513,08,00,9850.00,9900.00,-50.00,0
514,00,00,9900.00,9950.00,-50.00,1
515,00,00,9900.00,9900.00,0.00,1
516,09,00,9850.00,9950.00,-100.00,0
517,00,7A,9900.00,9950.00,-50.00,0
518,78,1F,9850.00,9900.00,-50.00,0
519,00,00,9900.00,9950.00,-50.00,1
520,00,00,9850.00,9950.00,-100.00,1
521,00,00,9900.00,9900.00,0.00,1
522,00,A5,9850.00,9950.00,-100.00,0
523,FF,08,9900.00,9950.00,-50.00,0
524,07,00,9900.00,9900.00,0.00,0
525,00,00,9850.00,9950.00,-100.00,1
526,00,00,9850.00,9900.00,-50.00,1
527,00,00,9900.00,9950.00,-50.00,1
528,00,F2,9850.00,9950.00,-100.00,0
529,58,FF,9900.00,49801800.00,-49791900.00,0
530,FF,FF,49213400.00,11000.00,49202400.00,1
531,FF,07,10950.00,10950.00,0.00,0
532,02,04,10950.00,10950.00,0.00,0
533,04,02,11000.00,11000.00,0.00,0
534,02,38,10950.00,10950.00,0.00,0
535,38,11,10950.00,120600.00,-109650.00,0
536,11,A9,97550.00,127600.00,-30050.00,0
537,AE,FF,122500.00,44050.00,78450.00,0
538,FF,FF,26250.00,9900.00,16350.00,1
539,FF,07,9900.00,9950.00,-50.00,0
540,02,13,9850.00,9900.00,-50.00,0
541,13,00,9850.00,9950.00,-100.00,0
542,00,A5,9900.00,9950.00,-50.00,0
543,03,08,9850.00,9900.00,-50.00,0
544,08,00,9900.00,9950.00,-50.00,0
545,00,00,9900.00,9950.00,-50.00,1
546,00,00,9850.00,9900.00,-50.00,1
547,0A,00,9900.00,9950.00,-50.00,0
548,00,7A,9850.00,9950.00,-100.00,0
549,78,1F,9900.00,9900.00,0.00,0
550,00,00,9850.00,9950.00,-100.00,1
551,00,00,9900.00,9900.00,0.00,1
552,00,00,9850.00,9950.00,-100.00,1
553,00,A5,9900.00,9950.00,-50.00,0
554,FF,08,9850.00,9950.00,-100.00,0
555,07,00,9900.00,9900.00,0.00,0
556,00,00,9850.00,9950.00,-100.00,1
557,00,00,9900.00,9950.00,-50.00,1
558,00,00,9850.00,9900.00,-50.00,1
559,00,F2,9900.00,9950.00,-50.00,0
560,57,FF,9850.00,48958800.00,-48948950.00,0
561,FF,FF,49445100.00,10950.00,49434150.00,1
562,FF,07,10950.00,10950.00,0.00,0
563,02,04,10950.00,10950.00,0.00,0
564,04,02,10950.00,11000.00,-50.00,0
565,02,38,11000.00,10950.00,50.00,0
566,38,11,10950.00,65800.00,-54850.00,0
567,11,A9,90700.00,110650.00,-19950.00,0
568,AE,FF,153500.00,42450.00,111050.00,0
569,FF,FF,25450.00,9950.00,15500.00,1
570,FF,07,9900.00,9900.00,0.00,0
571,02,13,9850.00,9950.00,-100.00,0
572,13,00,9850.00,9900.00,-50.00,0
573,00,A5,9900.00,9950.00,-50.00,0
574,03,08,9850.00,9950.00,-100.00,0
575,08,00,9900.00,9900.00,0.00,0
576,00,00,9850.00,9950.00,-100.00,1
577,00,00,9900.00,9950.00,-50.00,1
578,0C,00,9850.00,9900.00,-50.00,0
579,00,7A,9900.00,9950.00,-50.00,0
580,78,1F,9850.00,9950.00,-100.00,0
581,00,00,9900.00,9900.00,0.00,1
582,00,00,9850.00,9950.00,-100.00,1
583,00,00,9900.00,9950.00,-50.00,1
584,00,A5,9850.00,9900.00,-50.00,0
585,FF,08,9900.00,9950.00,-50.00,0
586,07,00,9900.00,9950.00,-50.00,0
587,00,00,9850.00,9900.00,-50.00,1
588,00,00,9850.00,9950.00,-100.00,1
589,00,00,9900.00,9950.00,-50.00,1
590,00,F2,9850.00,9900.00,-50.00,0
591,55,FF,9900.00,49535550.00,-49525650.00,0
592,FF,FF,49466950.00,10950.00,49456000.00,1
593,FF,07,10950.00,10950.00,0.00,0
594,02,04,10950.00,10950.00,0.00,0
595,04,02,11000.00,11000.00,0.00,0
596,02,38,10950.00,10950.00,0.00,0
597,38,11,10950.00,71750.00,-60800.00,0
598,11,A9,23900.00,97650.00,-73750.00,0
599,AE,FF,107650.00,43150.00,64500.00,0
600,FF,FF,26850.00,9950.00,16900.00,1
601,FF,07,9900.00,9900.00,0.00,0
602,02,13,9850.00,9950.00,-100.00,0
603,13,00,9850.00,9900.00,-50.00,0
604,00,A5,9900.00,9950.00,-50.00,0
605,03,08,9850.00,9950.00,-100.00,0
606,08,00,9900.00,9900.00,0.00,0
607,00,00,9850.00,9950.00,-100.00,1
608,00,00,9900.00,9950.00,-50.00,1
609,0D,00,9850.00,9900.00,-50.00,0
610,00,7A,9900.00,9950.00,-50.00,0
611,78,1F,9850.00,9950.00,-100.00,0
612,00,00,9900.00,9900.00,0.00,1
613,00,00,9850.00,9950.00,-100.00,1
614,00,00,9900.00,9900.00,0.00,1
615,00,A5,9850.00,9950.00,-100.00,0
616,FF,08,9900.00,9950.00,-50.00,0
617,07,00,9900.00,9900.00,0.00,0
618,00,00,9850.00,9950.00,-100.00,1
619,00,00,9850.00,9950.00,-100.00,1
620,00,00,9900.00,9900.00,0.00,1
621,00,F2,9850.00,9950.00,-100.00,0
