Id,SingleHex,MultiHex,SingleDelta[ns],MultiDelta[ns],DiffDelta[ns],SameByte
1,FF,FF,0.00,0.00,0.00,1
2,FF,FF,10950.00,10950.00,0.00,1
3,02,02,10950.00,11000.00,50.00,1
4,04,04,11000.00,10950.00,-50.00,1
5,02,02,10950.00,10950.00,0.00,1
6,38,38,10950.00,10950.00,0.00,1
7,11,11,90650.00,68750.00,-21900.00,1
8,AE,AE,119500.00,111600.00,-7900.00,1
9,FF,FF,58900.00,56650.00,-2250.00,1
10,FF,FF,12850.00,12850.00,0.00,1
11,02,02,12850.00,12850.00,0.00,1
12,13,13,12850.00,12800.00,-50.00,1
13,00,00,12850.00,12850.00,0.00,1
14,00,00,12800.00,12850.00,50.00,1
15,00,00,12850.00,12850.00,0.00,1
16,00,00,12850.00,12850.00,0.00,1
17,80,00,12850.00,12800.00,-50.00,0
18,1F,20,12800.00,12850.00,50.00,0
19,04,04,12850.00,12850.00,0.00,1
20,78,78,12850.00,12850.00,0.00,1
21,00,00,12850.00,12800.00,-50.00,1
22,00,00,12800.00,12850.00,50.00,1
23,00,00,12850.00,12850.00,0.00,1
24,00,00,12850.00,12850.00,0.00,1
25,01,01,12850.00,12800.00,-50.00,1
26,00,00,12850.00,12850.00,0.00,1
27,00,00,12800.00,12850.00,50.00,1
28,00,00,12850.00,12850.00,0.00,1
29,00,00,12850.00,12800.00,-50.00,1
30,00,00,12850.00,12850.00,0.00,1
31,CE,4D,12800.00,13850.00,1050.00,0
32,FF,FF,49446850.00,49410250.00,-36600.00,1
33,FF,FF,10950.00,10950.00,0.00,1
34,02,02,10950.00,10950.00,0.00,1
35,04,04,10950.00,11000.00,50.00,1
36,02,02,10950.00,10950.00,0.00,1
37,38,38,10950.00,10950.00,0.00,1
38,11,11,113600.00,41850.00,-71750.00,1
39,AE,AE,102650.00,106650.00,4000.00,1
40,FF,FF,36450.00,37600.00,1150.00,1
41,FF,FF,12850.00,12850.00,0.00,1
42,02,02,12850.00,12800.00,-50.00,1
43,13,13,12800.00,12850.00,50.00,1
44,00,00,12850.00,12850.00,0.00,1
45,00,00,12850.00,12850.00,0.00,1
46,00,00,12850.00,12800.00,-50.00,1
47,00,00,12800.00,12850.00,50.00,1
48,80,00,12850.00,12850.00,0.00,0
49,1F,20,12850.00,12850.00,0.00,0
50,04,04,12850.00,12800.00,-50.00,1
51,78,78,12800.00,12850.00,50.00,1
52,00,00,12850.00,12850.00,0.00,1
53,00,00,12850.00,12850.00,0.00,1
54,00,00,12850.00,12800.00,-50.00,1
55,00,00,12800.00,12850.00,50.00,1
56,01,01,12850.00,12850.00,0.00,1
57,00,00,12850.00,12850.00,0.00,1
58,00,00,12850.00,12800.00,-50.00,1
59,00,00,12800.00,12850.00,50.00,1
60,00,00,12850.00,12850.00,0.00,1
61,00,00,12850.00,12850.00,0.00,1
62,CE,4D,12850.00,12800.00,-50.00,0
63,FF,FF,48510600.00,49430350.00,919750.00,1
64,FF,FF,11000.00,10950.00,-50.00,1
65,02,02,10950.00,10950.00,0.00,1
66,04,04,10950.00,10950.00,0.00,1
67,02,02,10950.00,11000.00,50.00,1
68,38,38,11000.00,10950.00,-50.00,1
69,11,11,97600.00,118600.00,21000.00,1
70,AE,AE,129500.00,129500.00,0.00,1
71,FF,FF,57700.00,58800.00,1100.00,1
72,FF,FF,12850.00,12800.00,-50.00,1
73,02,02,12850.00,12850.00,0.00,1
74,13,13,12800.00,12850.00,50.00,1
75,00,00,12850.00,12850.00,0.00,1
76,00,00,12850.00,12800.00,-50.00,1
77,00,00,12800.00,12850.00,50.00,1
78,00,00,12850.00,12850.00,0.00,1
79,80,00,12850.00,12850.00,0.00,0
80,1F,20,12850.00,12850.00,0.00,0
81,04,04,12800.00,12800.00,0.00,1
82,78,78,12850.00,12850.00,0.00,1
83,00,00,12850.00,12850.00,0.00,1
84,00,00,12800.00,12850.00,50.00,1
85,00,00,12850.00,12850.00,0.00,1
86,00,00,12850.00,12800.00,-50.00,1
87,01,01,12850.00,12850.00,0.00,1
88,00,00,12800.00,12850.00,50.00,1
89,00,00,12850.00,12850.00,0.00,1
90,00,00,12850.00,12800.00,-50.00,1
91,00,00,12800.00,12850.00,50.00,1
92,00,00,12850.00,12850.00,0.00,1
93,CE,4D,12850.00,12850.00,0.00,0
94,FF,FF,50144600.00,49361550.00,-783050.00,1
95,FF,FF,10950.00,11000.00,50.00,1
96,02,02,11000.00,10950.00,-50.00,1
97,04,04,10950.00,10950.00,0.00,1
98,02,02,10950.00,11000.00,50.00,1
99,38,38,10950.00,10950.00,0.00,1
100,11,11,104600.00,64800.00,-39800.00,1
101,AE,AE,126550.00,107650.00,-18900.00,1
102,FF,FF,56950.00,56450.00,-500.00,1
103,FF,FF,12850.00,12850.00,0.00,1
104,02,02,12850.00,12850.00,0.00,1
105,13,13,12850.00,12800.00,-50.00,1
106,00,00,12800.00,12850.00,50.00,1
107,00,00,12850.00,12850.00,0.00,1
108,00,00,12850.00,12850.00,0.00,1
109,00,00,12850.00,12800.00,-50.00,1
110,80,00,12800.00,12850.00,50.00,0
111,1F,20,12850.00,12850.00,0.00,0
112,04,04,12850.00,12850.00,0.00,1
113,78,78,12850.00,12850.00,0.00,1
114,00,00,12800.00,12800.00,0.00,1
115,00,00,12850.00,12850.00,0.00,1
116,00,00,12850.00,12850.00,0.00,1
117,00,00,12850.00,12850.00,0.00,1
118,01,01,12800.00,12850.00,50.00,1
119,00,00,12850.00,12800.00,-50.00,1
120,00,00,12850.00,12850.00,0.00,1
121,00,00,12850.00,12850.00,0.00,1
122,00,00,12800.00,12850.00,50.00,1
123,00,00,12850.00,12800.00,-50.00,1
124,CE,4D,12850.00,12850.00,0.00,0
125,FF,FF,49304300.00,49166850.00,-137450.00,1
126,FF,FF,11000.00,11000.00,0.00,1
127,02,02,10950.00,10950.00,0.00,1
128,04,04,10950.00,10950.00,0.00,1
129,02,02,11000.00,11000.00,0.00,1
130,38,38,10950.00,10950.00,0.00,1
131,11,11,119600.00,86750.00,-32850.00,1
132,AE,AE,138550.00,124650.00,-13900.00,1
133,FF,FF,59250.00,56550.00,-2700.00,1
134,FF,FF,12800.00,12850.00,50.00,1
135,02,02,12850.00,12850.00,0.00,1
136,13,13,12850.00,12850.00,0.00,1
137,00,00,12850.00,12800.00,-50.00,1
138,00,00,12800.00,12850.00,50.00,1
139,00,00,12850.00,12850.00,0.00,1
140,00,00,12850.00,12850.00,0.00,1
141,80,00,12850.00,12850.00,0.00,0
142,1F,20,12850.00,12800.00,-50.00,0
143,04,04,12800.00,12850.00,50.00,1
144,78,78,12850.00,12850.00,0.00,1
145,00,00,12850.00,12850.00,0.00,1
146,00,00,12850.00,12800.00,-50.00,1
147,00,00,12800.00,12850.00,50.00,1
148,00,00,12850.00,12850.00,0.00,1
149,01,01,12850.00,12850.00,0.00,1
150,00,00,12850.00,12800.00,-50.00,1
151,00,00,12850.00,12850.00,0.00,1
152,00,00,12850.00,12850.00,0.00,1
153,00,00,12800.00,12850.00,50.00,1
154,00,00,12850.00,12850.00,0.00,1
155,CE,4D,12850.00,12800.00,-50.00,0
156,FF,FF,48704700.00,49791650.00,1086950.00,1
157,FF,FF,10950.00,10950.00,0.00,1
158,02,02,11000.00,11000.00,0.00,1
159,04,04,10950.00,10950.00,0.00,1
160,02,02,10950.00,10950.00,0.00,1
161,38,38,11000.00,10950.00,-50.00,1
162,11,11,64800.00,66850.00,2050.00,1
163,AE,AE,107700.00,100650.00,-7050.00,1
164,FF,FF,36300.00,36300.00,0.00,1
165,FF,FF,12850.00,12850.00,0.00,1
166,02,02,12850.00,12800.00,-50.00,1
167,13,13,12850.00,12850.00,0.00,1
168,00,00,12800.00,12850.00,50.00,1
169,00,00,12850.00,12850.00,0.00,1
170,00,00,12850.00,12850.00,0.00,1
171,00,00,12850.00,12850.00,0.00,1
172,80,00,12800.00,12800.00,0.00,0
173,1F,20,12850.00,12850.00,0.00,0
174,04,04,12850.00,12850.00,0.00,1
175,78,78,12850.00,12850.00,0.00,1
176,00,00,12800.00,12850.00,50.00,1
177,00,00,12850.00,12850.00,0.00,1
178,00,00,12850.00,12800.00,-50.00,1
179,00,00,12850.00,12850.00,0.00,1
180,01,01,12800.00,12850.00,50.00,1
181,00,00,12850.00,12850.00,0.00,1
182,00,00,12850.00,12850.00,0.00,1
183,00,00,12850.00,12800.00,-50.00,1
184,00,00,12800.00,12850.00,50.00,1
185,00,00,12850.00,12850.00,0.00,1
186,CE,4D,12850.00,12850.00,0.00,0
187,00,FF,14438300.00,49233200.00,34794900.00,0
188,FF,FF,35648700.00,10950.00,-35637750.00,1
189,FF,02,11000.00,10950.00,-50.00,0
190,02,04,10950.00,11000.00,50.00,0
191,04,02,10950.00,10950.00,0.00,0
192,02,38,11000.00,11950.00,950.00,0
193,38,11,10950.00,133550.00,122600.00,0
194,11,AE,106600.00,140500.00,33900.00,0
195,AE,FF,132550.00,57950.00,-74600.00,0
196,FF,FF,56950.00,12850.00,-44100.00,1
197,FF,02,12850.00,12850.00,0.00,0
198,02,13,12800.00,12800.00,0.00,0
199,13,00,12850.00,12850.00,0.00,0
200,00,00,12850.00,12850.00,0.00,1
201,00,00,12850.00,12850.00,0.00,1
202,00,00,12800.00,12850.00,50.00,1
203,00,00,12850.00,12800.00,-50.00,1
204,80,20,12850.00,12850.00,0.00,0
205,1F,04,12850.00,12850.00,0.00,0
206,04,78,12800.00,12850.00,50.00,0
207,78,00,12850.00,12800.00,-50.00,0
208,00,00,12850.00,12850.00,0.00,1
209,00,00,12850.00,12850.00,0.00,1
210,00,00,12800.00,12850.00,50.00,1
211,00,01,12850.00,12850.00,0.00,0
212,01,00,12850.00,12800.00,-50.00,0
213,00,00,12800.00,12850.00,50.00,1
214,00,00,12850.00,12850.00,0.00,1
215,00,00,12850.00,12850.00,0.00,1
216,00,00,12850.00,12850.00,0.00,1
217,00,4D,12800.00,12800.00,0.00,0
218,CE,FF,12850.00,49497500.00,49484650.00,0
219,FF,FF,49485450.00,10950.00,-49474500.00,1
220,FF,02,10950.00,10950.00,0.00,0
221,02,04,11000.00,11000.00,0.00,0
222,04,02,10950.00,11950.00,1000.00,0
223,02,38,11000.00,10950.00,-50.00,0
224,38,11,10950.00,71750.00,60800.00,0
225,11,AE,90750.00,107650.00,16900.00,0
226,AE,FF,108700.00,58100.00,-50600.00,0
227,FF,FF,56400.00,12850.00,-43550.00,1
228,FF,02,12800.00,12850.00,50.00,0
229,02,13,12850.00,12850.00,0.00,0
230,13,00,12850.00,12800.00,-50.00,0
231,00,00,12850.00,12850.00,0.00,1
232,00,00,12850.00,12850.00,0.00,1
233,00,00,12800.00,12850.00,50.00,1
234,00,00,12850.00,12800.00,-50.00,1
235,80,20,12850.00,12850.00,0.00,0
236,1F,04,12850.00,12850.00,0.00,0
237,04,78,12800.00,12850.00,50.00,0
238,78,00,12850.00,12800.00,-50.00,0
239,00,00,12850.00,12850.00,0.00,1
240,00,00,12850.00,12850.00,0.00,1
241,00,00,12800.00,12850.00,50.00,1
242,00,01,12850.00,12800.00,-50.00,0
243,01,00,12850.00,12850.00,0.00,0
244,00,00,12850.00,12850.00,0.00,1
245,00,00,12800.00,12850.00,50.00,1
246,00,00,12850.00,12800.00,-50.00,1
247,00,00,12850.00,12850.00,0.00,1
248,00,4D,12850.00,12850.00,0.00,0
249,CE,FF,12800.00,49458850.00,49446050.00,0
250,FF,FF,49126250.00,10950.00,-49115300.00,1
251,FF,02,10950.00,11000.00,50.00,0
252,02,04,10950.00,10950.00,0.00,0
253,04,02,11000.00,10950.00,-50.00,0
254,02,38,10950.00,10950.00,0.00,0
255,38,11,10950.00,111650.00,100700.00,0
256,11,AE,116600.00,100650.00,-15950.00,0
257,AE,FF,102650.00,57100.00,-45550.00,0
258,FF,FF,56650.00,12850.00,-43800.00,1
259,FF,02,12850.00,12800.00,-50.00,0
260,02,13,12800.00,12850.00,50.00,0
261,13,00,12850.00,12850.00,0.00,0
262,00,00,12850.00,12850.00,0.00,1
263,00,00,12850.00,12850.00,0.00,1
264,00,00,12800.00,12800.00,0.00,1
265,00,00,12850.00,12850.00,0.00,1
266,80,20,12850.00,13850.00,1000.00,0
267,1F,04,12850.00,12850.00,0.00,0
268,04,78,12800.00,12800.00,0.00,0
269,78,00,12850.00,12850.00,0.00,0
270,00,00,12850.00,12850.00,0.00,1
271,00,00,12850.00,12850.00,0.00,1
272,00,00,12800.00,12800.00,0.00,1
273,00,01,12850.00,12850.00,0.00,0
274,01,00,12850.00,12850.00,0.00,0
275,00,00,12850.00,12850.00,0.00,1
276,00,00,12800.00,12850.00,50.00,1
277,00,00,12850.00,12800.00,-50.00,1
278,00,00,12850.00,12850.00,0.00,1
279,00,4D,12850.00,12850.00,0.00,0
280,CE,FF,12800.00,49335100.00,49322300.00,0
281,FF,FF,49446600.00,11000.00,-49435600.00,1
282,FF,02,10950.00,10950.00,0.00,0
283,02,04,10950.00,10950.00,0.00,0
284,04,02,11000.00,10950.00,-50.00,0
285,02,38,10950.00,11000.00,50.00,0
286,38,11,10950.00,142500.00,131550.00,0
287,11,AE,63800.00,143500.00,79700.00,0
288,AE,FF,108650.00,35650.00,-73000.00,0
289,FF,FF,37250.00,12850.00,-24400.00,1
290,FF,02,12850.00,12850.00,0.00,0
291,02,13,12800.00,12850.00,50.00,0
292,13,00,12850.00,12850.00,0.00,0
293,00,00,12850.00,12850.00,0.00,1
294,00,00,12850.00,12850.00,0.00,1
295,00,00,12800.00,12800.00,0.00,1
296,00,00,12850.00,12850.00,0.00,1
297,80,20,12850.00,12850.00,0.00,0
298,1F,04,12850.00,12850.00,0.00,0
299,04,78,12800.00,12850.00,50.00,0
300,78,00,12850.00,12850.00,0.00,0
301,00,00,12850.00,12850.00,0.00,1
302,00,00,12850.00,12800.00,-50.00,1
303,00,00,12850.00,12850.00,0.00,1
304,00,01,12800.00,12850.00,50.00,0
305,01,00,12850.00,12850.00,0.00,0
306,00,00,12850.00,12850.00,0.00,1
307,00,00,12850.00,12850.00,0.00,1
308,00,00,12800.00,12850.00,50.00,1
309,00,00,12850.00,12800.00,-50.00,1
310,00,4D,12850.00,12850.00,0.00,0
311,CE,FF,12850.00,49494700.00,49481850.00,0
312,FF,FF,49456100.00,11000.00,-49445100.00,1
313,FF,02,10950.00,10950.00,0.00,0
314,02,04,10950.00,10950.00,0.00,0
315,04,02,10950.00,11000.00,50.00,0
316,02,38,10950.00,10950.00,0.00,0
317,38,11,11000.00,89700.00,78700.00,0
318,11,AE,112600.00,131600.00,19000.00,0
319,AE,FF,135500.00,57900.00,-77600.00,0
320,FF,FF,56200.00,12850.00,-43350.00,1
321,FF,02,12850.00,12850.00,0.00,0
322,02,13,12850.00,12850.00,0.00,0
323,13,00,12800.00,12850.00,50.00,0
324,00,00,12850.00,12800.00,-50.00,1
325,00,00,12850.00,12850.00,0.00,1
326,00,00,12850.00,12850.00,0.00,1
327,00,00,12800.00,12850.00,50.00,1
328,80,20,12850.00,12850.00,0.00,0
329,1F,04,12850.00,12800.00,-50.00,0
330,04,78,12850.00,12850.00,0.00,0
331,78,00,12800.00,12850.00,50.00,0
332,00,00,12850.00,12850.00,0.00,1
333,00,00,12850.00,12850.00,0.00,1
334,00,00,12850.00,12800.00,-50.00,1
335,00,01,12800.00,12850.00,50.00,0
336,01,00,12850.00,12850.00,0.00,0
337,00,00,12850.00,12850.00,0.00,1
338,00,00,12850.00,12800.00,-50.00,1
339,00,00,12800.00,12850.00,50.00,1
340,00,00,12850.00,12850.00,0.00,1
341,00,4D,12850.00,12850.00,0.00,0
342,CE,FF,12850.00,48852950.00,48840100.00,0
343,FF,FF,49355250.00,10950.00,-49344300.00,1
344,FF,02,11000.00,10950.00,-50.00,0
345,02,04,10950.00,11000.00,50.00,0
346,04,02,10950.00,10950.00,0.00,0
347,02,38,11000.00,10950.00,-50.00,0
348,38,11,10950.00,77700.00,66750.00,0
349,11,AE,129550.00,181300.00,51750.00,0
350,AE,FF,121600.00,56550.00,-65050.00,0
351,FF,FF,56500.00,12850.00,-43650.00,1
352,FF,02,12800.00,12800.00,0.00,0
353,02,13,12850.00,12850.00,0.00,0
354,13,00,12850.00,12850.00,0.00,0
355,00,00,12850.00,12850.00,0.00,1
356,00,00,12800.00,12800.00,0.00,1
357,00,00,12850.00,12850.00,0.00,1
358,00,00,12850.00,12850.00,0.00,1
359,80,20,12850.00,12850.00,0.00,0
360,1F,04,12850.00,12800.00,-50.00,0
361,04,78,12800.00,12850.00,50.00,0
362,78,00,12850.00,12850.00,0.00,0
363,00,00,12850.00,12850.00,0.00,1
364,00,00,12850.00,12850.00,0.00,1
365,00,00,12800.00,12800.00,0.00,1
366,00,01,12850.00,12850.00,0.00,0
367,01,00,12850.00,12850.00,0.00,0
368,00,00,12850.00,12850.00,0.00,1
369,00,00,12800.00,12850.00,50.00,1
370,00,00,12850.00,12800.00,-50.00,1
371,00,00,12850.00,12850.00,0.00,1
372,00,4D,12850.00,12850.00,0.00,0
373,CE,FF,12800.00,49321000.00,49308200.00,0
374,FF,FF,49175900.00,10950.00,-49164950.00,1
375,FF,02,10950.00,10950.00,0.00,0
376,02,04,10950.00,11000.00,50.00,0
377,04,02,10950.00,10950.00,0.00,0
378,02,38,11000.00,10950.00,-50.00,0
379,38,11,10950.00,91750.00,80800.00,0
380,11,AE,115550.00,104700.00,-10850.00,0
381,AE,FF,127600.00,58400.00,-69200.00,0
382,FF,FF,58400.00,12850.00,-45550.00,1
383,FF,02,12800.00,12800.00,0.00,0
384,02,13,12850.00,12850.00,0.00,0
385,13,00,12850.00,12850.00,0.00,0
386,00,00,12800.00,13800.00,1000.00,1
387,00,00,12850.00,12850.00,0.00,1
388,00,00,12850.00,12850.00,0.00,1
389,00,00,12850.00,12850.00,0.00,1
390,80,20,12800.00,12800.00,0.00,0
391,1F,04,12850.00,12850.00,0.00,0
392,04,78,12850.00,12850.00,0.00,0
393,78,00,12850.00,12850.00,0.00,0
394,00,00,12800.00,12800.00,0.00,1
395,00,00,12850.00,12850.00,0.00,1
396,00,00,12850.00,12850.00,0.00,1
397,00,01,12850.00,12850.00,0.00,0
398,01,00,12800.00,12850.00,50.00,0
399,00,00,13850.00,12800.00,-1050.00,1
400,00,00,12850.00,12850.00,0.00,1
401,00,00,12800.00,12850.00,50.00,1
402,00,00,12850.00,12850.00,0.00,1
403,00,4D,12850.00,12850.00,0.00,0
404,CE,FF,12850.00,49763000.00,49750150.00,0
405,FF,FF,49176300.00,10950.00,-49165350.00,1
406,FF,02,10950.00,10950.00,0.00,0
407,02,04,10950.00,10950.00,0.00,0
408,04,02,10950.00,10950.00,0.00,0
409,02,38,11000.00,11000.00,0.00,0
410,38,11,10950.00,88650.00,77700.00,0
411,11,AE,83650.00,101650.00,18000.00,0
412,AE,FF,126550.00,37550.00,-89000.00,0
413,FF,FF,36150.00,12850.00,-23300.00,1
414,FF,02,12850.00,12850.00,0.00,0
415,02,13,12850.00,12800.00,-50.00,0
416,13,00,12800.00,12850.00,50.00,0
417,00,00,12850.00,12850.00,0.00,1
418,00,00,12850.00,12850.00,0.00,1
419,00,00,12850.00,12850.00,0.00,1
420,00,00,12800.00,12800.00,0.00,1
421,80,20,12850.00,12850.00,0.00,0
422,1F,04,12850.00,12850.00,0.00,0
423,04,78,12850.00,12850.00,0.00,0
424,78,00,12850.00,12800.00,-50.00,0
425,00,00,12800.00,12850.00,50.00,1
426,00,00,12850.00,12850.00,0.00,1
427,00,00,12850.00,12850.00,0.00,1
428,00,01,12850.00,12850.00,0.00,0
429,01,00,12850.00,12800.00,-50.00,0
430,00,00,12800.00,12850.00,50.00,1
431,00,00,12850.00,12850.00,0.00,1
432,00,00,12850.00,12850.00,0.00,1
433,00,00,12850.00,12800.00,-50.00,1
434,00,4D,12800.00,12850.00,50.00,0
435,CE,FF,12850.00,49286600.00,49273750.00,0
436,FF,FF,49400900.00,10950.00,-49389950.00,1
437,FF,02,10950.00,11000.00,50.00,0
438,02,04,10950.00,10950.00,0.00,0
439,04,02,10950.00,10950.00,0.00,0
440,02,38,11000.00,11000.00,0.00,0
441,38,11,10950.00,92700.00,81750.00,0
442,11,AE,93650.00,129550.00,35900.00,0
443,AE,FF,104600.00,56700.00,-47900.00,0
444,FF,FF,57350.00,12800.00,-44550.00,1
445,FF,02,12800.00,12850.00,50.00,0
446,02,13,12850.00,12850.00,0.00,0
447,13,00,12850.00,12850.00,0.00,0
448,00,00,12850.00,12800.00,-50.00,1
449,00,00,12800.00,12850.00,50.00,1
450,00,00,12850.00,12850.00,0.00,1
451,00,00,12850.00,12850.00,0.00,1
452,80,20,12850.00,12800.00,-50.00,0
453,1F,04,12800.00,12850.00,50.00,0
454,04,78,12850.00,12850.00,0.00,0
455,78,00,12850.00,12850.00,0.00,0
456,00,00,12850.00,12800.00,-50.00,1
457,00,00,12850.00,12850.00,0.00,1
458,00,00,12800.00,12850.00,50.00,1
459,00,01,12850.00,12850.00,0.00,0
460,01,00,12850.00,12850.00,0.00,0
461,00,00,12850.00,12800.00,-50.00,1
462,00,00,12850.00,12850.00,0.00,1
463,00,00,12800.00,12850.00,50.00,1
464,00,00,12850.00,12850.00,0.00,1
465,00,4D,12850.00,12800.00,-50.00,0
466,CE,00,12850.00,38247150.00,38234300.00,0
467,FF,FF,49648550.00,11274800.00,-38373750.00,1
468,FF,FF,10950.00,10950.00,0.00,1
469,02,02,10950.00,10950.00,0.00,1
470,04,04,10950.00,11000.00,50.00,1
471,02,02,11000.00,10950.00,-50.00,1
472,38,38,10950.00,10950.00,0.00,1
473,11,11,77700.00,129550.00,51850.00,1
474,AE,AE,120600.00,203300.00,82700.00,1
475,FF,FF,57550.00,58100.00,550.00,1
476,FF,FF,12850.00,12850.00,0.00,1
477,02,02,12850.00,12850.00,0.00,1
478,13,13,12800.00,12800.00,0.00,1
479,00,00,12850.00,12850.00,0.00,1
480,00,00,12850.00,12850.00,0.00,1
481,00,00,12850.00,12850.00,0.00,1
482,00,00,12800.00,12850.00,50.00,1
483,80,00,12850.00,12800.00,-50.00,0
484,1F,20,12850.00,12850.00,0.00,0
485,04,04,12850.00,12850.00,0.00,1
486,78,78,12850.00,12850.00,0.00,1
487,00,00,12800.00,12850.00,50.00,1
488,00,00,12850.00,12800.00,-50.00,1
489,00,00,12850.00,12850.00,0.00,1
490,00,00,12850.00,12850.00,0.00,1
491,01,01,12800.00,12850.00,50.00,1
492,00,00,12850.00,12850.00,0.00,1
493,00,00,12850.00,12800.00,-50.00,1
494,00,00,12850.00,12850.00,0.00,1
495,00,00,12800.00,12850.00,50.00,1
496,00,00,12850.00,12850.00,0.00,1
497,CE,4D,12850.00,12850.00,0.00,0
498,FF,FF,48892850.00,49483750.00,590900.00,1
499,FF,FF,10950.00,10950.00,0.00,1
500,02,02,10950.00,10950.00,0.00,1
501,04,04,10950.00,11000.00,50.00,1
502,02,02,11000.00,10950.00,-50.00,1
503,38,38,10950.00,10950.00,0.00,1
504,11,11,99600.00,99650.00,50.00,1
505,AE,AE,110650.00,99700.00,-10950.00,1
506,FF,FF,56950.00,58300.00,1350.00,1
507,FF,FF,12850.00,12850.00,0.00,1
508,02,02,12850.00,12850.00,0.00,1
509,13,13,12850.00,12850.00,0.00,1
510,00,00,12850.00,12800.00,-50.00,1
511,00,00,12800.00,12850.00,50.00,1
512,00,00,12850.00,12850.00,0.00,1
513,00,00,12850.00,12850.00,0.00,1
514,80,00,12850.00,12800.00,-50.00,0
515,1F,20,12850.00,12850.00,0.00,0
516,04,04,12800.00,12850.00,50.00,1
517,78,78,12850.00,12850.00,0.00,1
518,00,00,12850.00,12800.00,-50.00,1
519,00,00,12850.00,12850.00,0.00,1
520,00,00,12850.00,12850.00,0.00,1
521,00,00,12800.00,12850.00,50.00,1
522,01,01,12850.00,12800.00,-50.00,1
523,00,00,12850.00,12850.00,0.00,1
524,00,00,12850.00,12850.00,0.00,1
525,00,00,12850.00,12850.00,0.00,1
526,00,00,12800.00,12800.00,0.00,1
527,00,00,12850.00,12850.00,0.00,1
528,CE,4D,12850.00,12850.00,0.00,0
529,FF,FF,50046800.00,48959950.00,-1086850.00,1
530,FF,FF,10950.00,10950.00,0.00,1
531,02,02,11000.00,11000.00,0.00,1
532,04,04,10950.00,10950.00,0.00,1
533,02,02,10950.00,10950.00,0.00,1
534,38,38,10950.00,10950.00,0.00,1
535,11,11,115600.00,64800.00,-50800.00,1
536,AE,AE,111700.00,129500.00,17800.00,1
537,FF,FF,37200.00,35700.00,-1500.00,1
538,FF,FF,12850.00,12850.00,0.00,1
539,02,02,12850.00,12850.00,0.00,1
540,13,13,12850.00,12850.00,0.00,1
541,00,00,12800.00,12800.00,0.00,1
542,00,00,12850.00,12850.00,0.00,1
543,00,00,12850.00,12850.00,0.00,1
544,00,00,12850.00,12850.00,0.00,1
545,80,00,12800.00,12850.00,50.00,0
546,1F,20,12850.00,12800.00,-50.00,0
547,04,04,12850.00,12850.00,0.00,1
548,78,78,12850.00,12850.00,0.00,1
549,00,00,12800.00,12850.00,50.00,1
550,00,00,12850.00,12850.00,0.00,1
551,00,00,12850.00,12850.00,0.00,1
552,00,00,12850.00,12800.00,-50.00,1
553,01,01,12800.00,12850.00,50.00,1
554,00,00,12850.00,12850.00,0.00,1
555,00,00,12850.00,12850.00,0.00,1
556,00,00,12850.00,12850.00,0.00,1
557,00,00,12800.00,12800.00,0.00,1
558,00,00,12850.00,12850.00,0.00,1
559,CE,4D,12850.00,12850.00,0.00,0
560,FF,FF,49306400.00,49099200.00,-207200.00,1
561,FF,FF,10950.00,10950.00,0.00,1
562,02,02,10950.00,11000.00,50.00,1
563,04,04,10950.00,10950.00,0.00,1
564,02,02,10950.00,10950.00,0.00,1
565,38,38,10950.00,10950.00,0.00,1
566,11,11,142450.00,117600.00,-24850.00,1
567,AE,AE,134450.00,149450.00,15000.00,1
568,FF,FF,57850.00,57700.00,-150.00,1
569,FF,FF,12850.00,12850.00,0.00,1
570,02,02,12850.00,12850.00,0.00,1
571,13,13,12850.00,12850.00,0.00,1
572,00,00,12800.00,12800.00,0.00,1
573,00,00,12850.00,12850.00,0.00,1
574,00,00,12850.00,12850.00,0.00,1
575,00,00,12850.00,12850.00,0.00,1
576,80,00,12800.00,12800.00,0.00,0
577,1F,20,12850.00,12850.00,0.00,0
578,04,04,12850.00,12850.00,0.00,1
579,78,78,12850.00,12850.00,0.00,1
580,00,00,12850.00,12800.00,-50.00,1
581,00,00,12800.00,12850.00,50.00,1
582,00,00,12850.00,12850.00,0.00,1
583,00,00,12850.00,12850.00,0.00,1
584,01,01,12850.00,12800.00,-50.00,1
585,00,00,12800.00,12850.00,50.00,1
586,00,00,12850.00,12850.00,0.00,1
587,00,00,12850.00,12850.00,0.00,1
588,00,00,12850.00,12850.00,0.00,1
589,00,00,12800.00,12800.00,0.00,1
590,CE,4D,12850.00,12850.00,0.00,0
591,FF,FF,49639300.00,49291200.00,-348100.00,1
592,FF,FF,10950.00,10950.00,0.00,1
593,02,02,10950.00,11000.00,50.00,1
594,04,04,10950.00,10950.00,0.00,1
595,02,02,11000.00,10950.00,-50.00,1
596,38,38,10950.00,10950.00,0.00,1
597,11,11,89700.00,92700.00,3000.00,1
598,AE,AE,109650.00,129550.00,19900.00,1
599,FF,FF,56550.00,57100.00,550.00,1
600,FF,FF,12850.00,12850.00,0.00,1
601,02,02,12850.00,12800.00,-50.00,1
602,13,13,12850.00,12850.00,0.00,1
603,00,00,12800.00,12850.00,50.00,1
604,00,00,12850.00,12850.00,0.00,1
605,00,00,12850.00,12800.00,-50.00,1
606,00,00,12850.00,12850.00,0.00,1
607,80,00,12800.00,12850.00,50.00,0
608,1F,20,12850.00,12850.00,0.00,0
609,04,04,12850.00,12800.00,-50.00,1
610,78,78,12850.00,12850.00,0.00,1
611,00,00,12800.00,12850.00,50.00,1
612,00,00,12850.00,12850.00,0.00,1
613,00,00,12850.00,12850.00,0.00,1
614,00,00,12850.00,12800.00,-50.00,1
615,01,01,12800.00,12850.00,50.00,1
616,00,00,12850.00,12850.00,0.00,1
617,00,00,12850.00,12850.00,0.00,1
618,00,00,12850.00,12800.00,-50.00,1
619,00,00,12800.00,12850.00,50.00,1
620,00,00,12850.00,12850.00,0.00,1
621,CE,4D,12850.00,12850.00,0.00,0
